page_slug,page_url,query_rank_by_clicks,query,clicks,impressions,ctr,position
app-to-track-money-owed,https://you-owe-me.com/solutions/app-to-track-money-owed/,1,you owe me app,2,51,0.0392,5.47
app-to-track-money-owed,https://you-owe-me.com/solutions/app-to-track-money-owed/,2,app to keep track of money owed to me,1,3,0.3333,6.0
app-to-track-money-owed,https://you-owe-me.com/solutions/app-to-track-money-owed/,3,more apps,1,1,1.0,3.0
app-to-track-money-owed,https://you-owe-me.com/solutions/app-to-track-money-owed/,4,who owes me money app,0,65,0.0,11.75
app-to-track-money-owed,https://you-owe-me.com/solutions/app-to-track-money-owed/,5,i need a simple app to track who owes me money,0,62,0.0,9.4
app-to-track-money-owed,https://you-owe-me.com/solutions/app-to-track-money-owed/,6,"""how do i track who owes me money without spreadsheets?""",0,33,0.0,3.52
app-to-track-money-owed,https://you-owe-me.com/solutions/app-to-track-money-owed/,7,i need a simple app to track who owes me money. my location is usa.,0,31,0.0,2.84
app-to-track-money-owed,https://you-owe-me.com/solutions/app-to-track-money-owed/,8,how do i track who owes me money without spreadsheets?,0,23,0.0,25.96
app-to-track-money-owed,https://you-owe-me.com/solutions/app-to-track-money-owed/,9,owe you money app,0,20,0.0,8.2
app-to-track-money-owed,https://you-owe-me.com/solutions/app-to-track-money-owed/,10,software to track personal loan repayments between friends,0,20,0.0,8.25
app-to-track-money-owed,https://you-owe-me.com/solutions/app-to-track-money-owed/,11,owe you app,0,20,0.0,9.8
app-to-track-money-owed,https://you-owe-me.com/solutions/app-to-track-money-owed/,12,i need to track who paid and who hasn't yet,0,18,0.0,8.39
app-to-track-money-owed,https://you-owe-me.com/solutions/app-to-track-money-owed/,13,"""need a better way to track expenses"" -site:reddit.com -site:twitter.com 
-site:x.com -site:wykop.pl -site:tripadvisor.com -site:youtube.com 
-site:yelp.com -site:booking.com -site:facebook.com -site:instagram.com 
-site:tiktok.com",0,14,0.0,5.64
app-to-track-money-owed,https://you-owe-me.com/solutions/app-to-track-money-owed/,14,owe me app,0,13,0.0,8.46
app-to-track-money-owed,https://you-owe-me.com/solutions/app-to-track-money-owed/,15,money owed tracker,0,13,0.0,13.69
app-to-track-money-owed,https://you-owe-me.com/solutions/app-to-track-money-owed/,16,who owes me,0,9,0.0,8.78
app-to-track-money-owed,https://you-owe-me.com/solutions/app-to-track-money-owed/,17,i owe you app,0,9,0.0,11.67
app-to-track-money-owed,https://you-owe-me.com/solutions/app-to-track-money-owed/,18,who own me,0,8,0.0,5.38
app-to-track-money-owed,https://you-owe-me.com/solutions/app-to-track-money-owed/,19,how can i request money from friends and track who paid?,0,8,0.0,11.0
app-to-track-money-owed,https://you-owe-me.com/solutions/app-to-track-money-owed/,20,how do i find out who i owe money to,0,8,0.0,53.88
app-to-track-money-owed,https://you-owe-me.com/solutions/app-to-track-money-owed/,21,what i owe,0,7,0.0,23.14
app-to-track-money-owed,https://you-owe-me.com/solutions/app-to-track-money-owed/,22,how can i find out who i owe money to,0,7,0.0,52.86
app-to-track-money-owed,https://you-owe-me.com/solutions/app-to-track-money-owed/,23,how much do you currently owe to other lending apps,0,6,0.0,1.0
app-to-track-money-owed,https://you-owe-me.com/solutions/app-to-track-money-owed/,24,one does owe me money through,0,6,0.0,10.83
app-to-track-money-owed,https://you-owe-me.com/solutions/app-to-track-money-owed/,25,youoweme,0,5,0.0,4.0
app-to-track-money-owed,https://you-owe-me.com/solutions/app-to-track-money-owed/,26,is the owe you app legit,0,4,0.0,4.5
app-to-track-money-owed,https://you-owe-me.com/solutions/app-to-track-money-owed/,27,app to track who owes you money,0,4,0.0,8.5
app-to-track-money-owed,https://you-owe-me.com/solutions/app-to-track-money-owed/,28,owe you,0,4,0.0,27.5
app-to-track-money-owed,https://you-owe-me.com/solutions/app-to-track-money-owed/,29,i owe you money,0,4,0.0,30.75
app-to-track-money-owed,https://you-owe-me.com/solutions/app-to-track-money-owed/,30,how to keep track of payments received app,0,4,0.0,40.5
app-to-track-money-owed,https://you-owe-me.com/solutions/app-to-track-money-owed/,31,ow you money,0,3,0.0,5.33
app-to-track-money-owed,https://you-owe-me.com/solutions/app-to-track-money-owed/,32,owe app,0,3,0.0,5.67
app-to-track-money-owed,https://you-owe-me.com/solutions/app-to-track-money-owed/,33,record of money owed,0,3,0.0,7.0
app-to-track-money-owed,https://you-owe-me.com/solutions/app-to-track-money-owed/,34,how to track who owes me money?,0,3,0.0,10.67
app-to-track-money-owed,https://you-owe-me.com/solutions/app-to-track-money-owed/,35,owe you app android,0,3,0.0,11.0
app-to-track-money-owed,https://you-owe-me.com/solutions/app-to-track-money-owed/,36,amount of money that you owe,0,3,0.0,12.0
app-to-track-money-owed,https://you-owe-me.com/solutions/app-to-track-money-owed/,37,how do i find someone who owes me money,0,3,0.0,39.0
app-to-track-money-owed,https://you-owe-me.com/solutions/app-to-track-money-owed/,38,how to find out who i owe money to,0,3,0.0,59.0
app-to-track-money-owed,https://you-owe-me.com/solutions/app-to-track-money-owed/,39,how much money you owe me,0,2,0.0,4.5
app-to-track-money-owed,https://you-owe-me.com/solutions/app-to-track-money-owed/,40,who owes,0,2,0.0,5.5
app-to-track-money-owed,https://you-owe-me.com/solutions/app-to-track-money-owed/,41,money you owe me,0,2,0.0,11.0
app-to-track-money-owed,https://you-owe-me.com/solutions/app-to-track-money-owed/,42,how much money i owe you,0,2,0.0,27.5
app-to-track-money-owed,https://you-owe-me.com/solutions/app-to-track-money-owed/,43,friends and family loan tracking,0,2,0.0,37.0
app-to-track-money-owed,https://you-owe-me.com/solutions/app-to-track-money-owed/,44,how much do i owe you,0,2,0.0,39.0
app-to-track-money-owed,https://you-owe-me.com/solutions/app-to-track-money-owed/,45,how can i see who i owe money to,0,2,0.0,52.5
app-to-track-money-owed,https://you-owe-me.com/solutions/app-to-track-money-owed/,46,individual people,0,1,0.0,1.0
app-to-track-money-owed,https://you-owe-me.com/solutions/app-to-track-money-owed/,47,money friends,0,1,0.0,1.0
app-to-track-money-owed,https://you-owe-me.com/solutions/app-to-track-money-owed/,48,ou app,0,1,0.0,2.0
app-to-track-money-owed,https://you-owe-me.com/solutions/app-to-track-money-owed/,49,oweyou app,0,1,0.0,2.0
app-to-track-money-owed,https://you-owe-me.com/solutions/app-to-track-money-owed/,50,with friends,0,1,0.0,2.0
app-to-track-money-owed,https://you-owe-me.com/solutions/app-to-track-money-owed/,51,debt tracker app uk,0,1,0.0,4.0
app-to-track-money-owed,https://you-owe-me.com/solutions/app-to-track-money-owed/,52,i want a free app,0,1,0.0,4.0
app-to-track-money-owed,https://you-owe-me.com/solutions/app-to-track-money-owed/,53,ious to payback,0,1,0.0,4.0
app-to-track-money-owed,https://you-owe-me.com/solutions/app-to-track-money-owed/,54,free cash app money generator,0,1,0.0,5.0
app-to-track-money-owed,https://you-owe-me.com/solutions/app-to-track-money-owed/,55,let me know how much i owe you,0,1,0.0,8.0
app-to-track-money-owed,https://you-owe-me.com/solutions/app-to-track-money-owed/,56,money you owe,0,1,0.0,8.0
app-to-track-money-owed,https://you-owe-me.com/solutions/app-to-track-money-owed/,57,owe u app,0,1,0.0,8.0
app-to-track-money-owed,https://you-owe-me.com/solutions/app-to-track-money-owed/,58,own you money,0,1,0.0,8.0
app-to-track-money-owed,https://you-owe-me.com/solutions/app-to-track-money-owed/,59,who owes me money,0,1,0.0,9.0
app-to-track-money-owed,https://you-owe-me.com/solutions/app-to-track-money-owed/,60,how much money do you owe me,0,1,0.0,10.0
app-to-track-money-owed,https://you-owe-me.com/solutions/app-to-track-money-owed/,61,iou tracker,0,1,0.0,11.0
app-to-track-money-owed,https://you-owe-me.com/solutions/app-to-track-money-owed/,62,amount you owe,0,1,0.0,12.0
app-to-track-money-owed,https://you-owe-me.com/solutions/app-to-track-money-owed/,63,who owes who app,0,1,0.0,20.0
app-to-track-money-owed,https://you-owe-me.com/solutions/app-to-track-money-owed/,64,owe you app free,0,1,0.0,21.0
app-to-track-money-owed,https://you-owe-me.com/solutions/app-to-track-money-owed/,65,how to see what to owe,0,1,0.0,23.0
app-to-track-money-owed,https://you-owe-me.com/solutions/app-to-track-money-owed/,66,what is the app that request money from friends,0,1,0.0,28.0
app-to-track-money-owed,https://you-owe-me.com/solutions/app-to-track-money-owed/,67,how do i know what i owe,0,1,0.0,47.0
app-to-track-money-owed,https://you-owe-me.com/solutions/app-to-track-money-owed/,68,how to find out what i owe,0,1,0.0,53.0
app-to-track-money-owed,https://you-owe-me.com/solutions/app-to-track-money-owed/,69,how to find who i owe money to,0,1,0.0,61.0
app-to-track-money-owed,https://you-owe-me.com/solutions/app-to-track-money-owed/,70,owes me,0,1,0.0,72.0
app-to-track-money-owed,https://you-owe-me.com/solutions/app-to-track-money-owed/,71,find out who i owe money to,0,1,0.0,84.0
app-to-track-money-owed,https://you-owe-me.com/solutions/app-to-track-money-owed/,72,how to find out what you owe,0,1,0.0,91.0
app-to-track-money-owed,https://you-owe-me.com/solutions/app-to-track-money-owed/,73,site to see if you are owed money,0,1,0.0,94.0
app-to-track-money-owed,https://you-owe-me.com/solutions/app-to-track-money-owed/,74,how much do i own,0,1,0.0,98.0
borrow-money-from-friend,https://you-owe-me.com/blog/how-to-ask-to-borrow-money-from-a-friend-without-making-it-awkward/,1,thinkgs yo say to borrow money,0,131,0.0,7.17
borrow-money-from-friend,https://you-owe-me.com/blog/how-to-ask-to-borrow-money-from-a-friend-without-making-it-awkward/,2,how to borrow money from a friend message,0,16,0.0,5.94
borrow-money-from-friend,https://you-owe-me.com/blog/how-to-ask-to-borrow-money-from-a-friend-without-making-it-awkward/,3,how to borrow money from a friend message example,0,16,0.0,7.25
borrow-money-from-friend,https://you-owe-me.com/blog/how-to-ask-to-borrow-money-from-a-friend-without-making-it-awkward/,4,how to ask a friend to borrow money,0,7,0.0,24.43
borrow-money-from-friend,https://you-owe-me.com/blog/how-to-ask-to-borrow-money-from-a-friend-without-making-it-awkward/,5,how to ask someone to borrow money,0,7,0.0,34.43
borrow-money-from-friend,https://you-owe-me.com/blog/how-to-ask-to-borrow-money-from-a-friend-without-making-it-awkward/,6,how to ask someone to borrow money example text,0,5,0.0,8.8
borrow-money-from-friend,https://you-owe-me.com/blog/how-to-ask-to-borrow-money-from-a-friend-without-making-it-awkward/,7,how to ask to borrow money from a friend,0,4,0.0,4.0
borrow-money-from-friend,https://you-owe-me.com/blog/how-to-ask-to-borrow-money-from-a-friend-without-making-it-awkward/,8,how to ask a friend for a loan,0,3,0.0,6.67
borrow-money-from-friend,https://you-owe-me.com/blog/how-to-ask-to-borrow-money-from-a-friend-without-making-it-awkward/,9,request to borrow,0,3,0.0,8.0
borrow-money-from-friend,https://you-owe-me.com/blog/how-to-ask-to-borrow-money-from-a-friend-without-making-it-awkward/,10,how to ask for money from a friend,0,1,0.0,1.0
borrow-money-from-friend,https://you-owe-me.com/blog/how-to-ask-to-borrow-money-from-a-friend-without-making-it-awkward/,11,how to ask someone for money text message example pdf in english,0,1,0.0,1.0
borrow-money-from-friend,https://you-owe-me.com/blog/how-to-ask-to-borrow-money-from-a-friend-without-making-it-awkward/,12,how to ask for a loan from a friend,0,1,0.0,2.0
borrow-money-from-friend,https://you-owe-me.com/blog/how-to-ask-to-borrow-money-from-a-friend-without-making-it-awkward/,13,how to ask someone for money text message example,0,1,0.0,2.0
borrow-money-from-friend,https://you-owe-me.com/blog/how-to-ask-to-borrow-money-from-a-friend-without-making-it-awkward/,14,how to borrow money from a friend message on whatsapp,0,1,0.0,3.0
borrow-money-from-friend,https://you-owe-me.com/blog/how-to-ask-to-borrow-money-from-a-friend-without-making-it-awkward/,15,??,0,1,0.0,4.0
borrow-money-from-friend,https://you-owe-me.com/blog/how-to-ask-to-borrow-money-from-a-friend-without-making-it-awkward/,16,heute,0,1,0.0,4.0
borrow-money-from-friend,https://you-owe-me.com/blog/how-to-ask-to-borrow-money-from-a-friend-without-making-it-awkward/,17,how to ask a friend for money,0,1,0.0,9.0
borrow-money-from-friend,https://you-owe-me.com/blog/how-to-ask-to-borrow-money-from-a-friend-without-making-it-awkward/,18,how to ask someone for money text message example pdf,0,1,0.0,11.0
borrow-money-from-friend,https://you-owe-me.com/blog/how-to-ask-to-borrow-money-from-a-friend-without-making-it-awkward/,19,how to ask someone for money text message sample,0,1,0.0,12.0
borrow-money-from-friend,https://you-owe-me.com/blog/how-to-ask-to-borrow-money-from-a-friend-without-making-it-awkward/,20,thank you note for borrowing something,0,1,0.0,50.0
confront-money-owed,https://you-owe-me.com/blog/how-do-you-confront-someone-who-owes-you-money-without-ruining-the-relationship/,1,how to shame someone who owes you money,1,300,0.0033,11.26
confront-money-owed,https://you-owe-me.com/blog/how-do-you-confront-someone-who-owes-you-money-without-ruining-the-relationship/,2,how to shame someone who owes you money online,1,172,0.0058,9.31
confront-money-owed,https://you-owe-me.com/blog/how-do-you-confront-someone-who-owes-you-money-without-ruining-the-relationship/,3,how to approach someone who owes you money,0,10,0.0,9.1
confront-money-owed,https://you-owe-me.com/blog/how-do-you-confront-someone-who-owes-you-money-without-ruining-the-relationship/,4,how to shame someone who owes you money quotes short,0,2,0.0,10.0
confront-money-owed,https://you-owe-me.com/blog/how-do-you-confront-someone-who-owes-you-money-without-ruining-the-relationship/,5,how to get back at someone who owes you money,0,2,0.0,18.0
confront-money-owed,https://you-owe-me.com/blog/how-do-you-confront-someone-who-owes-you-money-without-ruining-the-relationship/,6,apakah masalah hutang bisa dilaporkan ke polisi,0,1,0.0,2.0
confront-money-owed,https://you-owe-me.com/blog/how-do-you-confront-someone-who-owes-you-money-without-ruining-the-relationship/,7,aider moi,0,1,0.0,3.0
confront-money-owed,https://you-owe-me.com/blog/how-do-you-confront-someone-who-owes-you-money-without-ruining-the-relationship/,8,hukum hutang piutang diatas materai,0,1,0.0,3.0
confront-money-owed,https://you-owe-me.com/blog/how-do-you-confront-someone-who-owes-you-money-without-ruining-the-relationship/,9,me deben dinero y no tengo nada firmado,0,1,0.0,3.0
confront-money-owed,https://you-owe-me.com/blog/how-do-you-confront-someone-who-owes-you-money-without-ruining-the-relationship/,10,προφορικα,0,1,0.0,4.0
confront-money-owed,https://you-owe-me.com/blog/how-do-you-confront-someone-who-owes-you-money-without-ruining-the-relationship/,11,...,0,1,0.0,5.0
confront-money-owed,https://you-owe-me.com/blog/how-do-you-confront-someone-who-owes-you-money-without-ruining-the-relationship/,12,p*** madre,0,1,0.0,9.0
confront-money-owed,https://you-owe-me.com/blog/how-do-you-confront-someone-who-owes-you-money-without-ruining-the-relationship/,13,what to reply when someone says i owe you,0,1,0.0,11.0
confront-money-owed,https://you-owe-me.com/blog/how-do-you-confront-someone-who-owes-you-money-without-ruining-the-relationship/,14,how should i respond back,0,1,0.0,12.0
confront-money-owed,https://you-owe-me.com/blog/how-do-you-confront-someone-who-owes-you-money-without-ruining-the-relationship/,15,someone owes me money and is avoiding me,0,1,0.0,15.0
confront-money-owed,https://you-owe-me.com/blog/how-do-you-confront-someone-who-owes-you-money-without-ruining-the-relationship/,16,how to shame someone who owes you money quotes,0,1,0.0,17.0
confront-money-owed,https://you-owe-me.com/blog/how-do-you-confront-someone-who-owes-you-money-without-ruining-the-relationship/,17,how do you ask someone for money they owe you,0,1,0.0,22.0
confront-money-owed,https://you-owe-me.com/blog/how-do-you-confront-someone-who-owes-you-money-without-ruining-the-relationship/,18,how to ask someone for money they owe you,0,1,0.0,50.0
confront-money-owed,https://you-owe-me.com/blog/how-do-you-confront-someone-who-owes-you-money-without-ruining-the-relationship/,19,how to remind someone they owe you money,0,1,0.0,56.0
group-payback-calculator,https://you-owe-me.com/tools/group-payback-calculator/,1,group payment calculator,0,3,0.0,10.33
group-payback-calculator,https://you-owe-me.com/tools/group-payback-calculator/,2,payback status,0,2,0.0,8.5
group-payback-calculator,https://you-owe-me.com/tools/group-payback-calculator/,3,端数計算,0,1,0.0,1.0
group-payback-calculator,https://you-owe-me.com/tools/group-payback-calculator/,4,help them figure out each person's gift expenses clearly,0,1,0.0,9.0
group-payback-calculator,https://you-owe-me.com/tools/group-payback-calculator/,5,back calculated,0,1,0.0,52.0
homepage,https://you-owe-me.com/,1,you owe me app,19,64,0.2969,2.38
homepage,https://you-owe-me.com/,2,youoweme,11,41,0.2683,2.39
homepage,https://you-owe-me.com/,3,owe you app,7,1367,0.0051,5.78
homepage,https://you-owe-me.com/,4,owe me,1,958,0.001,6.12
homepage,https://you-owe-me.com/,5,owe you,1,273,0.0037,11.56
homepage,https://you-owe-me.com/,6,oweme,1,117,0.0085,7.15
homepage,https://you-owe-me.com/,7,owe you app android,1,103,0.0097,3.59
homepage,https://you-owe-me.com/,8,i owe you app,1,94,0.0106,4.82
homepage,https://you-owe-me.com/,9,you owe me,1,78,0.0128,8.6
homepage,https://you-owe-me.com/,10,owe you app review,1,49,0.0204,6.98
homepage,https://you-owe-me.com/,11,oweyou app,1,36,0.0278,3.5
homepage,https://you-owe-me.com/,12,who owes me,1,20,0.05,8.1
homepage,https://you-owe-me.com/,13,i owe you money,0,343,0.0,9.19
homepage,https://you-owe-me.com/,14,owes me,0,142,0.0,8.6
homepage,https://you-owe-me.com/,15,how much you owe me,0,95,0.0,7.23
homepage,https://you-owe-me.com/,16,what i owe,0,70,0.0,13.73
homepage,https://you-owe-me.com/,17,owe me app,0,64,0.0,3.44
homepage,https://you-owe-me.com/,18,owe.us.com,0,62,0.0,5.95
homepage,https://you-owe-me.com/,19,you owe,0,62,0.0,10.06
homepage,https://you-owe-me.com/,20,owe app,0,48,0.0,6.04
homepage,https://you-owe-me.com/,21,how much do you owe me,0,48,0.0,7.9
homepage,https://you-owe-me.com/,22,u owe me,0,47,0.0,11.49
homepage,https://you-owe-me.com/,23,owed me,0,44,0.0,11.98
homepage,https://you-owe-me.com/,24,how much money do you owe me,0,43,0.0,7.88
homepage,https://you-owe-me.com/,25,owe u app,0,41,0.0,6.02
homepage,https://you-owe-me.com/,26,money you owe me,0,38,0.0,11.13
homepage,https://you-owe-me.com/,27,who owes me money app,0,35,0.0,3.37
homepage,https://you-owe-me.com/,28,what do i owe,0,32,0.0,21.41
homepage,https://you-owe-me.com/,29,owe me money,0,31,0.0,10.84
homepage,https://you-owe-me.com/,30,https://owe.us.com,0,28,0.0,7.39
homepage,https://you-owe-me.com/,31,ows me,0,24,0.0,6.5
homepage,https://you-owe-me.com/,32,owe you money app,0,22,0.0,5.55
homepage,https://you-owe-me.com/,33,the money you owe me,0,22,0.0,5.64
homepage,https://you-owe-me.com/,34,how much are you owing me,0,21,0.0,4.9
homepage,https://you-owe-me.com/,35,how much money i owe you,0,21,0.0,10.67
homepage,https://you-owe-me.com/,36,i owe me,0,20,0.0,5.6
homepage,https://you-owe-me.com/,37,i owe u money,0,18,0.0,9.83
homepage,https://you-owe-me.com/,38,owe you money,0,18,0.0,9.94
homepage,https://you-owe-me.com/,39,own me money,0,17,0.0,4.76
homepage,https://you-owe-me.com/,40,how much do you currently owe to other lending apps,0,16,0.0,2.62
homepage,https://you-owe-me.com/,41,owing me,0,16,0.0,6.94
homepage,https://you-owe-me.com/,42,you owe me a lot,0,15,0.0,8.27
homepage,https://you-owe-me.com/,43,you owe me a date,0,15,0.0,9.87
homepage,https://you-owe-me.com/,44,is the owe you app legit,0,15,0.0,10.4
homepage,https://you-owe-me.com/,45,best free iou tracker online?,0,14,0.0,5.86
homepage,https://you-owe-me.com/,46,how much money you owe me,0,13,0.0,7.54
homepage,https://you-owe-me.com/,47,you ow,0,12,0.0,6.67
homepage,https://you-owe-me.com/,48,they owe me,0,10,0.0,7.1
homepage,https://you-owe-me.com/,49,you awe me,0,9,0.0,3.56
homepage,https://you-owe-me.com/,50,oue me,0,9,0.0,4.67
homepage,https://you-owe-me.com/,51,who own me,0,9,0.0,6.11
homepage,https://you-owe-me.com/,52,owe you app legit,0,9,0.0,7.44
homepage,https://you-owe-me.com/,53,own you money,0,9,0.0,8.78
homepage,https://you-owe-me.com/,54,you owed me,0,9,0.0,15.56
homepage,https://you-owe-me.com/,55,we owe you,0,9,0.0,27.33
homepage,https://you-owe-me.com/,56,"site:you-owe-me.com ""works offline"" ""no mandatory sign-up"" ""face id""",0,8,0.0,6.75
homepage,https://you-owe-me.com/,57,money i owe you,0,8,0.0,8.5
homepage,https://you-owe-me.com/,58,u owe me money,0,8,0.0,10.0
homepage,https://you-owe-me.com/,59,owes you,0,8,0.0,13.5
homepage,https://you-owe-me.com/,60,owned you,0,8,0.0,26.0
homepage,https://you-owe-me.com/,61,owe you app free,0,7,0.0,5.29
homepage,https://you-owe-me.com/,62,you ow me,0,7,0.0,8.29
homepage,https://you-owe-me.com/,63,"site:you-owe-me.com ""works offline"" ""no mandatory sign-up""",0,6,0.0,4.67
homepage,https://you-owe-me.com/,64,u owe,0,6,0.0,6.33
homepage,https://you-owe-me.com/,65,do you owe me,0,6,0.0,6.83
homepage,https://you-owe-me.com/,66,i ow you money,0,6,0.0,8.67
homepage,https://you-owe-me.com/,67,oweyou,0,6,0.0,14.33
homepage,https://you-owe-me.com/,68,iou app,0,6,0.0,16.33
homepage,https://you-owe-me.com/,69,youpayme,0,6,0.0,35.17
homepage,https://you-owe-me.com/,70,how much do i owe you,0,6,0.0,42.33
homepage,https://you-owe-me.com/,71,owe you app reviews,0,5,0.0,6.0
homepage,https://you-owe-me.com/,72,you o me,0,5,0.0,7.8
homepage,https://you-owe-me.com/,73,owes me money,0,5,0.0,8.4
homepage,https://you-owe-me.com/,74,you owe me money,0,5,0.0,10.0
homepage,https://you-owe-me.com/,75,she owe me,0,5,0.0,12.6
homepage,https://you-owe-me.com/,76,owe u,0,5,0.0,25.6
homepage,https://you-owe-me.com/,77,i owe you slip,0,5,0.0,41.6
homepage,https://you-owe-me.com/,78,your me,0,5,0.0,54.0
homepage,https://you-owe-me.com/,79,we owe,0,5,0.0,59.0
homepage,https://you-owe-me.com/,80,oweing me,0,4,0.0,7.0
homepage,https://you-owe-me.com/,81,you me who app,0,4,0.0,7.0
homepage,https://you-owe-me.com/,82,you owe me yen,0,4,0.0,8.25
homepage,https://you-owe-me.com/,83,my owe,0,4,0.0,9.5
homepage,https://you-owe-me.com/,84,amount of money that you owe,0,4,0.0,11.75
homepage,https://you-owe-me.com/,85,you we me,0,4,0.0,22.5
homepage,https://you-owe-me.com/,86,you owned me,0,4,0.0,23.75
homepage,https://you-owe-me.com/,87,you owe mw,0,3,0.0,1.0
homepage,https://you-owe-me.com/,88,owe mw,0,3,0.0,2.67
homepage,https://you-owe-me.com/,89,you own me money,0,3,0.0,6.0
homepage,https://you-owe-me.com/,90,you still owe me,0,3,0.0,8.67
homepage,https://you-owe-me.com/,91,you are owing me,0,3,0.0,12.0
homepage,https://you-owe-me.com/,92,owed app,0,3,0.0,13.0
homepage,https://you-owe-me.com/,93,what i oew,0,3,0.0,16.0
homepage,https://you-owe-me.com/,94,you owe us,0,3,0.0,16.0
homepage,https://you-owe-me.com/,95,you owe me an iou,0,3,0.0,16.67
homepage,https://you-owe-me.com/,96,do i owe you any money,0,3,0.0,19.0
homepage,https://you-owe-me.com/,97,what you owe,0,3,0.0,19.0
homepage,https://you-owe-me.com/,98,how much i owe you,0,3,0.0,21.33
homepage,https://you-owe-me.com/,99,you pay me,0,3,0.0,24.67
homepage,https://you-owe-me.com/,100,dues apps,0,3,0.0,32.0
homepage,https://you-owe-me.com/,101,someone who owes you money,0,3,0.0,35.33
homepage,https://you-owe-me.com/,102,the calculation of you and me,0,3,0.0,78.67
homepage,https://you-owe-me.com/,103,you owe me!,0,2,0.0,1.0
homepage,https://you-owe-me.com/,104,owe,0,2,0.0,2.0
homepage,https://you-owe-me.com/,105,is owe you app legit,0,2,0.0,2.5
homepage,https://you-owe-me.com/,106,ow me money,0,2,0.0,5.5
homepage,https://you-owe-me.com/,107,do i owe you money,0,2,0.0,7.0
homepage,https://you-owe-me.com/,108,i need a simple app to track who owes me money. my location is usa.,0,2,0.0,7.0
homepage,https://you-owe-me.com/,109,u still owe me,0,2,0.0,9.0
homepage,https://you-owe-me.com/,110,you owe me this,0,2,0.0,9.0
homepage,https://you-owe-me.com/,111,you still owe me money,0,2,0.0,9.0
homepage,https://you-owe-me.com/,112,do you owe me money,0,2,0.0,9.5
homepage,https://you-owe-me.com/,113,money owe me money,0,2,0.0,10.5
homepage,https://you-owe-me.com/,114,i still owe you money,0,2,0.0,11.0
homepage,https://you-owe-me.com/,115,whatiowe,0,2,0.0,14.0
homepage,https://you-owe-me.com/,116,money you owe,0,2,0.0,14.5
homepage,https://you-owe-me.com/,117,owe some,0,2,0.0,16.0
homepage,https://you-owe-me.com/,118,game owe,0,2,0.0,26.0
homepage,https://you-owe-me.com/,119,dues payment apps,0,2,0.0,30.5
homepage,https://you-owe-me.com/,120,i owe u,0,2,0.0,35.5
homepage,https://you-owe-me.com/,121,i owe yous,0,2,0.0,43.5
homepage,https://you-owe-me.com/,122,does google owe me money,0,2,0.0,76.0
homepage,https://you-owe-me.com/,123,"""splitwise alternative for ongoing expenses, not just trips""",0,1,0.0,1.0
homepage,https://you-owe-me.com/,124,asoweme,0,1,0.0,1.0
homepage,https://you-owe-me.com/,125,best apps for tracking installment payments,0,1,0.0,1.0
homepage,https://you-owe-me.com/,126,digital iou,0,1,0.0,1.0
homepage,https://you-owe-me.com/,127,for android,0,1,0.0,1.0
homepage,https://you-owe-me.com/,128,i need a simple app to track who owes me money,0,1,0.0,1.0
homepage,https://you-owe-me.com/,129,iou list,0,1,0.0,1.0
homepage,https://you-owe-me.com/,130,iou system,0,1,0.0,1.0
homepage,https://you-owe-me.com/,131,iou tracking,0,1,0.0,1.0
homepage,https://you-owe-me.com/,132,is that the correct name,0,1,0.0,1.0
homepage,https://you-owe-me.com/,133,is this profitable?,0,1,0.0,1.0
homepage,https://you-owe-me.com/,134,no in english,0,1,0.0,1.0
homepage,https://you-owe-me.com/,135,owe us,0,1,0.0,1.0
homepage,https://you-owe-me.com/,136,owe you app reddit,0,1,0.0,1.0
homepage,https://you-owe-me.com/,137,record of money owed,0,1,0.0,1.0
homepage,https://you-owe-me.com/,138,yes,0,1,0.0,1.0
homepage,https://you-owe-me.com/,139,you owe me 2$,0,1,0.0,1.0
homepage,https://you-owe-me.com/,140,ious to payback,0,1,0.0,2.0
homepage,https://you-owe-me.com/,141,ou app,0,1,0.0,2.0
homepage,https://you-owe-me.com/,142,youwhome,0,1,0.0,2.0
homepage,https://you-owe-me.com/,143,iowe,0,1,0.0,3.0
homepage,https://you-owe-me.com/,144,owe hub,0,1,0.0,3.0
homepage,https://you-owe-me.com/,145,debt app tracker,0,1,0.0,4.0
homepage,https://you-owe-me.com/,146,debt tracker app uk,0,1,0.0,4.0
homepage,https://you-owe-me.com/,147,money finder app,0,1,0.0,4.0
homepage,https://you-owe-me.com/,148,youseemee,0,1,0.0,4.0
homepage,https://you-owe-me.com/,149,ows me money,0,1,0.0,5.0
homepage,https://you-owe-me.com/,150,you ow me money,0,1,0.0,5.0
homepage,https://you-owe-me.com/,151,youooem,0,1,0.0,5.0
homepage,https://you-owe-me.com/,152,your money app,0,1,0.0,5.0
homepage,https://you-owe-me.com/,153,app to keep track of money owed to me,0,1,0.0,6.0
homepage,https://you-owe-me.com/,154,how much did i owe you,0,1,0.0,6.0
homepage,https://you-owe-me.com/,155,who owe,0,1,0.0,6.0
homepage,https://you-owe-me.com/,156,you owe money,0,1,0.0,6.0
homepage,https://you-owe-me.com/,157,amount you owe,0,1,0.0,7.0
homepage,https://you-owe-me.com/,158,i want a free app,0,1,0.0,7.0
homepage,https://you-owe-me.com/,159,money,0,1,0.0,7.0
homepage,https://you-owe-me.com/,160,i o you money,0,1,0.0,8.0
homepage,https://you-owe-me.com/,161,i own you money,0,1,0.0,8.0
homepage,https://you-owe-me.com/,162,owe u money,0,1,0.0,8.0
homepage,https://you-owe-me.com/,163,owing me money,0,1,0.0,8.0
homepage,https://you-owe-me.com/,164,you owe me some money,0,1,0.0,8.0
homepage,https://you-owe-me.com/,165,if you owe me money,0,1,0.0,9.0
homepage,https://you-owe-me.com/,166,one does owe me money through,0,1,0.0,9.0
homepage,https://you-owe-me.com/,167,owe yo,0,1,0.0,9.0
homepage,https://you-owe-me.com/,168,youeme,0,1,0.0,9.0
homepage,https://you-owe-me.com/,169,i owe you you owe me,0,1,0.0,10.0
homepage,https://you-owe-me.com/,170,ow you money,0,1,0.0,10.0
homepage,https://you-owe-me.com/,171,pay what you owe,0,1,0.0,10.0
homepage,https://you-owe-me.com/,172,an amount of money that you owe,0,1,0.0,11.0
homepage,https://you-owe-me.com/,173,owe to me,0,1,0.0,11.0
homepage,https://you-owe-me.com/,174,owe yoy,0,1,0.0,11.0
homepage,https://you-owe-me.com/,175,owne me,0,1,0.0,11.0
homepage,https://you-owe-me.com/,176,we owe you money,0,1,0.0,11.0
homepage,https://you-owe-me.com/,177,younowe,0,1,0.0,11.0
homepage,https://you-owe-me.com/,178,ut what i owe,0,1,0.0,13.0
homepage,https://you-owe-me.com/,179,what's the difference between i owe you and you owe me,0,1,0.0,15.0
homepage,https://you-owe-me.com/,180,"about me: short-term life transition user short-term life transition user 
question: what digital tools exist to manage my rent payments?",0,1,0.0,16.0
homepage,https://you-owe-me.com/,181,givemewhatyouoweme,0,1,0.0,16.0
homepage,https://you-owe-me.com/,182,you owe m,0,1,0.0,16.0
homepage,https://you-owe-me.com/,183,iou i owe you,0,1,0.0,19.0
homepage,https://you-owe-me.com/,184,youampmefamily payment,0,1,0.0,19.0
homepage,https://you-owe-me.com/,185,own you,0,1,0.0,20.0
homepage,https://you-owe-me.com/,186,we owe them,0,1,0.0,20.0
homepage,https://you-owe-me.com/,187,owns me,0,1,0.0,23.0
homepage,https://you-owe-me.com/,188,owes you money,0,1,0.0,25.0
homepage,https://you-owe-me.com/,189,what you owe me,0,1,0.0,25.0
homepage,https://you-owe-me.com/,190,how to find out how much i owe,0,1,0.0,31.0
homepage,https://you-owe-me.com/,191,what i owe you,0,1,0.0,31.0
homepage,https://you-owe-me.com/,192,youwe,0,1,0.0,31.0
homepage,https://you-owe-me.com/,193,app yuh,0,1,0.0,35.0
homepage,https://you-owe-me.com/,194,you pay me now,0,1,0.0,35.0
homepage,https://you-owe-me.com/,195,does someone owe me money,0,1,0.0,39.0
homepage,https://you-owe-me.com/,196,who do we owe money to,0,1,0.0,89.0
payment-plan-calculator,https://you-owe-me.com/tools/payment-plan-calculator/,1,layaway plan calculator,0,7,0.0,33.29
payment-plan-calculator,https://you-owe-me.com/tools/payment-plan-calculator/,2,voluntary payment plans calculator,0,4,0.0,63.0
payment-plan-calculator,https://you-owe-me.com/tools/payment-plan-calculator/,3,payment arrangement calculator,0,3,0.0,10.0
payment-plan-calculator,https://you-owe-me.com/tools/payment-plan-calculator/,4,"create a plan to pay $73.22 split among 5 payments highest to lowest. 
$1923, $1191, $1120, $330, $473. every month until paid off",0,3,0.0,10.67
payment-plan-calculator,https://you-owe-me.com/tools/payment-plan-calculator/,5,ja,0,2,0.0,2.5
payment-plan-calculator,https://you-owe-me.com/tools/payment-plan-calculator/,6,si,0,2,0.0,5.0
payment-plan-calculator,https://you-owe-me.com/tools/payment-plan-calculator/,7,"""maya"" ""payment"" -""casino"" -""daughter"" -""hawke"" -""jama"" -""joint"" -""riviera"" 
-""singh"" -site:reddit.com -site:twitter.com -site:x.com -site:wykop.pl 
-site:tripadvisor.com -site:youtube.com -site:yelp.com -site:booking.com 
-site:facebook.com -site:instagram.com -site:tiktok.com",0,2,0.0,7.0
payment-plan-calculator,https://you-owe-me.com/tools/payment-plan-calculator/,8,payment plan generator,0,2,0.0,12.0
payment-plan-calculator,https://you-owe-me.com/tools/payment-plan-calculator/,9,"$58,000",0,1,0.0,1.0
payment-plan-calculator,https://you-owe-me.com/tools/payment-plan-calculator/,10,1700000,0,1,0.0,1.0
payment-plan-calculator,https://you-owe-me.com/tools/payment-plan-calculator/,11,sí,0,1,0.0,1.0
payment-plan-calculator,https://you-owe-me.com/tools/payment-plan-calculator/,12,yes do it,0,1,0.0,1.0
payment-plan-calculator,https://you-owe-me.com/tools/payment-plan-calculator/,13,так,0,1,0.0,1.0
payment-plan-calculator,https://you-owe-me.com/tools/payment-plan-calculator/,14,cuanto seria mensual,0,1,0.0,2.0
payment-plan-calculator,https://you-owe-me.com/tools/payment-plan-calculator/,15,oui,0,1,0.0,2.0
payment-plan-calculator,https://you-owe-me.com/tools/payment-plan-calculator/,16,"oui, svp",0,1,0.0,2.0
payment-plan-calculator,https://you-owe-me.com/tools/payment-plan-calculator/,17,sim,0,1,0.0,2.0
payment-plan-calculator,https://you-owe-me.com/tools/payment-plan-calculator/,18,yes the map please,0,1,0.0,2.0
payment-plan-calculator,https://you-owe-me.com/tools/payment-plan-calculator/,19,4000,0,1,0.0,3.0
payment-plan-calculator,https://you-owe-me.com/tools/payment-plan-calculator/,20,realistic please,0,1,0.0,3.0
payment-plan-calculator,https://you-owe-me.com/tools/payment-plan-calculator/,21,vas y,0,1,0.0,3.0
payment-plan-calculator,https://you-owe-me.com/tools/payment-plan-calculator/,22,yes,0,1,0.0,3.0
payment-plan-calculator,https://you-owe-me.com/tools/payment-plan-calculator/,23,corrigete,0,1,0.0,4.0
payment-plan-calculator,https://you-owe-me.com/tools/payment-plan-calculator/,24,graag,0,1,0.0,5.0
payment-plan-calculator,https://you-owe-me.com/tools/payment-plan-calculator/,25,payment plan,0,1,0.0,6.0
payment-plan-calculator,https://you-owe-me.com/tools/payment-plan-calculator/,26,yes please,0,1,0.0,6.0
payment-plan-calculator,https://you-owe-me.com/tools/payment-plan-calculator/,27,repayment plan example,0,1,0.0,7.0
payment-plan-calculator,https://you-owe-me.com/tools/payment-plan-calculator/,28,how much can i pay,0,1,0.0,8.0
payment-plan-calculator,https://you-owe-me.com/tools/payment-plan-calculator/,29,how much you can pay,0,1,0.0,9.0
payment-plan-calculator,https://you-owe-me.com/tools/payment-plan-calculator/,30,calculate plan adjust repeat,0,1,0.0,11.0
payment-plan-calculator,https://you-owe-me.com/tools/payment-plan-calculator/,31,what would my payments look like,0,1,0.0,32.0
payment-plan-calculator,https://you-owe-me.com/tools/payment-plan-calculator/,32,how much did you pay?,0,1,0.0,38.0
payment-plan-calculator,https://you-owe-me.com/tools/payment-plan-calculator/,33,payment planner,0,1,0.0,38.0
payment-plan-calculator,https://you-owe-me.com/tools/payment-plan-calculator/,34,predictable monthly payments,0,1,0.0,46.0
payment-plan-calculator,https://you-owe-me.com/tools/payment-plan-calculator/,35,upl payment calculation,0,1,0.0,66.0
payment-plan-calculator,https://you-owe-me.com/tools/payment-plan-calculator/,36,how much i need to pay,0,1,0.0,68.0
payment-plan-calculator,https://you-owe-me.com/tools/payment-plan-calculator/,37,will payments,0,1,0.0,69.0
payment-plan-calculator,https://you-owe-me.com/tools/payment-plan-calculator/,38,payment breakdown,0,1,0.0,89.0
payment-plan-calculator,https://you-owe-me.com/tools/payment-plan-calculator/,39,how to calculate layaway plan,0,1,0.0,92.0
payment-plan-calculator,https://you-owe-me.com/tools/payment-plan-calculator/,40,fortnightly vs monthly repayments calculator,0,1,0.0,100.0
remind-someone-owes-money,https://you-owe-me.com/blog/how-to-remind-someone-they-owe-you-money-politely/,1,how to remind someone who promised you money,15,478,0.031400000000000004,3.87
remind-someone-owes-money,https://you-owe-me.com/blog/how-to-remind-someone-they-owe-you-money-politely/,2,how to remind someone who promised you money via text,8,336,0.023799999999999998,2.97
remind-someone-owes-money,https://you-owe-me.com/blog/how-to-remind-someone-they-owe-you-money-politely/,3,how to remind someone who promised you something,6,282,0.0213,5.93
remind-someone-owes-money,https://you-owe-me.com/blog/how-to-remind-someone-they-owe-you-money-politely/,4,how to remind someone they owe you money via text,5,201,0.024900000000000002,4.83
remind-someone-owes-money,https://you-owe-me.com/blog/how-to-remind-someone-they-owe-you-money-politely/,5,how to remind someone to pay you,4,597,0.0067,10.28
remind-someone-owes-money,https://you-owe-me.com/blog/how-to-remind-someone-they-owe-you-money-politely/,6,long text message to someone who owes you money,3,121,0.0248,5.45
remind-someone-owes-money,https://you-owe-me.com/blog/how-to-remind-someone-they-owe-you-money-politely/,7,text message to someone who owes you money on whatsapp,2,91,0.022000000000000002,4.35
remind-someone-owes-money,https://you-owe-me.com/blog/how-to-remind-someone-they-owe-you-money-politely/,8,how to politely remind someone who promised you money,2,71,0.0282,4.24
remind-someone-owes-money,https://you-owe-me.com/blog/how-to-remind-someone-they-owe-you-money-politely/,9,asking for money back text messages sample,1,421,0.0024,9.52
remind-someone-owes-money,https://you-owe-me.com/blog/how-to-remind-someone-they-owe-you-money-politely/,10,how to politely ask someone to pay you via text,1,231,0.0043,10.74
remind-someone-owes-money,https://you-owe-me.com/blog/how-to-remind-someone-they-owe-you-money-politely/,11,how to politely remind someone to pay you,1,210,0.0048,9.0
remind-someone-owes-money,https://you-owe-me.com/blog/how-to-remind-someone-they-owe-you-money-politely/,12,how to tell someone they forgot to pay you via text,1,93,0.0108,6.02
remind-someone-owes-money,https://you-owe-me.com/blog/how-to-remind-someone-they-owe-you-money-politely/,13,how to remind your boyfriend about the money he promised,1,87,0.0115,4.94
remind-someone-owes-money,https://you-owe-me.com/blog/how-to-remind-someone-they-owe-you-money-politely/,14,how to remind someone who promised to help you with money,1,74,0.013500000000000002,4.43
remind-someone-owes-money,https://you-owe-me.com/blog/how-to-remind-someone-they-owe-you-money-politely/,15,how to remind someone who promised to gift you money,1,71,0.0141,5.72
remind-someone-owes-money,https://you-owe-me.com/blog/how-to-remind-someone-they-owe-you-money-politely/,16,short text to remind someone to pay you,1,46,0.0217,3.89
remind-someone-owes-money,https://you-owe-me.com/blog/how-to-remind-someone-they-owe-you-money-politely/,17,how to tell someone they owe you money,1,42,0.023799999999999998,10.14
remind-someone-owes-money,https://you-owe-me.com/blog/how-to-remind-someone-they-owe-you-money-politely/,18,how to tell someone they forgot to pay you via text sample,1,32,0.031200000000000002,5.06
remind-someone-owes-money,https://you-owe-me.com/blog/how-to-remind-someone-they-owe-you-money-politely/,19,how to remind someone who promised you something on whatsapp,1,28,0.035699999999999996,3.82
remind-someone-owes-money,https://you-owe-me.com/blog/how-to-remind-someone-they-owe-you-money-politely/,20,how to remind someone who owes you money,1,21,0.047599999999999996,6.48
remind-someone-owes-money,https://you-owe-me.com/blog/how-to-remind-someone-they-owe-you-money-politely/,21,how to ask someone for money text message example,1,19,0.0526,17.95
remind-someone-owes-money,https://you-owe-me.com/blog/how-to-remind-someone-they-owe-you-money-politely/,22,how to gently remind someone they owe you money,1,15,0.0667,6.6
remind-someone-owes-money,https://you-owe-me.com/blog/how-to-remind-someone-they-owe-you-money-politely/,23,how do you remind someone who promised you money,1,11,0.0909,5.09
remind-someone-owes-money,https://you-owe-me.com/blog/how-to-remind-someone-they-owe-you-money-politely/,24,how to remind someone they owe you money,0,168,0.0,7.07
remind-someone-owes-money,https://you-owe-me.com/blog/how-to-remind-someone-they-owe-you-money-politely/,25,how to remind someone who promised you something via text,0,138,0.0,5.7
remind-someone-owes-money,https://you-owe-me.com/blog/how-to-remind-someone-they-owe-you-money-politely/,26,how to remind someone to pay you text,0,95,0.0,8.81
remind-someone-owes-money,https://you-owe-me.com/blog/how-to-remind-someone-they-owe-you-money-politely/,27,text message to someone who owes you money,0,80,0.0,7.12
remind-someone-owes-money,https://you-owe-me.com/blog/how-to-remind-someone-they-owe-you-money-politely/,28,how to remind someone politely through text message,0,69,0.0,9.19
remind-someone-owes-money,https://you-owe-me.com/blog/how-to-remind-someone-they-owe-you-money-politely/,29,how to politely remind someone they owe you money,0,66,0.0,7.73
remind-someone-owes-money,https://you-owe-me.com/blog/how-to-remind-someone-they-owe-you-money-politely/,30,how to kindly remind someone to pay you,0,51,0.0,13.12
remind-someone-owes-money,https://you-owe-me.com/blog/how-to-remind-someone-they-owe-you-money-politely/,31,how to nicely remind someone to pay you,0,48,0.0,11.06
remind-someone-owes-money,https://you-owe-me.com/blog/how-to-remind-someone-they-owe-you-money-politely/,32,how to remind a friend to pay you,0,47,0.0,7.19
remind-someone-owes-money,https://you-owe-me.com/blog/how-to-remind-someone-they-owe-you-money-politely/,33,how to remind someone that they owe you money,0,45,0.0,8.47
remind-someone-owes-money,https://you-owe-me.com/blog/how-to-remind-someone-they-owe-you-money-politely/,34,how to remind someone to pay you politely,0,45,0.0,12.67
remind-someone-owes-money,https://you-owe-me.com/blog/how-to-remind-someone-they-owe-you-money-politely/,35,i promise to pay you back message,0,39,0.0,6.38
remind-someone-owes-money,https://you-owe-me.com/blog/how-to-remind-someone-they-owe-you-money-politely/,36,how do i remind someone to pay me,0,39,0.0,9.03
remind-someone-owes-money,https://you-owe-me.com/blog/how-to-remind-someone-they-owe-you-money-politely/,37,how to remind someone through text examples,0,37,0.0,7.92
remind-someone-owes-money,https://you-owe-me.com/blog/how-to-remind-someone-they-owe-you-money-politely/,38,how to remind someone to pay you examples,0,37,0.0,14.59
remind-someone-owes-money,https://you-owe-me.com/blog/how-to-remind-someone-they-owe-you-money-politely/,39,how to remind a friend they owe you money,0,34,0.0,8.35
remind-someone-owes-money,https://you-owe-me.com/blog/how-to-remind-someone-they-owe-you-money-politely/,40,how to say you owe me money nicely,0,33,0.0,7.79
remind-someone-owes-money,https://you-owe-me.com/blog/how-to-remind-someone-they-owe-you-money-politely/,41,how to remind someone to pay you back,0,30,0.0,8.2
remind-someone-owes-money,https://you-owe-me.com/blog/how-to-remind-someone-they-owe-you-money-politely/,42,how do you remind someone to pay you,0,29,0.0,11.76
remind-someone-owes-money,https://you-owe-me.com/blog/how-to-remind-someone-they-owe-you-money-politely/,43,how to remind someone politely through text sample,0,24,0.0,10.46
remind-someone-owes-money,https://you-owe-me.com/blog/how-to-remind-someone-they-owe-you-money-politely/,44,polite way to remind someone to pay you,0,22,0.0,9.77
remind-someone-owes-money,https://you-owe-me.com/blog/how-to-remind-someone-they-owe-you-money-politely/,45,gentle reminder for payment message,0,21,0.0,2.9
remind-someone-owes-money,https://you-owe-me.com/blog/how-to-remind-someone-they-owe-you-money-politely/,46,how to politely remind a friend to pay you,0,21,0.0,7.86
remind-someone-owes-money,https://you-owe-me.com/blog/how-to-remind-someone-they-owe-you-money-politely/,47,how to remind someone who promised you money on whatsapp,0,19,0.0,4.26
remind-someone-owes-money,https://you-owe-me.com/blog/how-to-remind-someone-they-owe-you-money-politely/,48,how do i remind someone who promised me money,0,16,0.0,4.25
remind-someone-owes-money,https://you-owe-me.com/blog/how-to-remind-someone-they-owe-you-money-politely/,49,how to remind a friend to pay you back,0,14,0.0,9.71
remind-someone-owes-money,https://you-owe-me.com/blog/how-to-remind-someone-they-owe-you-money-politely/,50,how to tell someone they forgot to pay you,0,14,0.0,16.71
remind-someone-owes-money,https://you-owe-me.com/blog/how-to-remind-someone-they-owe-you-money-politely/,51,how to remind someone to send you money,0,12,0.0,4.33
remind-someone-owes-money,https://you-owe-me.com/blog/how-to-remind-someone-they-owe-you-money-politely/,52,message to someone who owes you money,0,12,0.0,4.92
remind-someone-owes-money,https://you-owe-me.com/blog/how-to-remind-someone-they-owe-you-money-politely/,53,how do i politely remind someone to pay me,0,12,0.0,6.92
remind-someone-owes-money,https://you-owe-me.com/blog/how-to-remind-someone-they-owe-you-money-politely/,54,how to remind someone who promised you money examples,0,11,0.0,5.18
remind-someone-owes-money,https://you-owe-me.com/blog/how-to-remind-someone-they-owe-you-money-politely/,55,how to remind people to pay you back,0,10,0.0,6.4
remind-someone-owes-money,https://you-owe-me.com/blog/how-to-remind-someone-they-owe-you-money-politely/,56,how to gently remind someone to pay you,0,9,0.0,5.44
remind-someone-owes-money,https://you-owe-me.com/blog/how-to-remind-someone-they-owe-you-money-politely/,57,nice way to remind someone to pay you,0,9,0.0,6.89
remind-someone-owes-money,https://you-owe-me.com/blog/how-to-remind-someone-they-owe-you-money-politely/,58,how to politely ask someone to pay you via text sample,0,8,0.0,11.25
remind-someone-owes-money,https://you-owe-me.com/blog/how-to-remind-someone-they-owe-you-money-politely/,59,how to shame someone who owes you money online,0,7,0.0,3.0
remind-someone-owes-money,https://you-owe-me.com/blog/how-to-remind-someone-they-owe-you-money-politely/,60,how do you remind someone that they owe you money,0,7,0.0,6.57
remind-someone-owes-money,https://you-owe-me.com/blog/how-to-remind-someone-they-owe-you-money-politely/,61,how to politely tell someone they owe you money,0,7,0.0,7.0
remind-someone-owes-money,https://you-owe-me.com/blog/how-to-remind-someone-they-owe-you-money-politely/,62,best response to someone asking for money text,0,7,0.0,10.29
remind-someone-owes-money,https://you-owe-me.com/blog/how-to-remind-someone-they-owe-you-money-politely/,63,how to remind someone abt money they said they will semd u politely,0,7,0.0,10.71
remind-someone-owes-money,https://you-owe-me.com/blog/how-to-remind-someone-they-owe-you-money-politely/,64,asking for money back text messages examples,0,7,0.0,12.29
remind-someone-owes-money,https://you-owe-me.com/blog/how-to-remind-someone-they-owe-you-money-politely/,65,reminder message for money,0,7,0.0,17.57
remind-someone-owes-money,https://you-owe-me.com/blog/how-to-remind-someone-they-owe-you-money-politely/,66,payment reminder,0,6,0.0,2.0
remind-someone-owes-money,https://you-owe-me.com/blog/how-to-remind-someone-they-owe-you-money-politely/,67,how to ask someone for money they owe you,0,6,0.0,2.17
remind-someone-owes-money,https://you-owe-me.com/blog/how-to-remind-someone-they-owe-you-money-politely/,68,how to shame someone who owes you money quotes,0,6,0.0,2.5
remind-someone-owes-money,https://you-owe-me.com/blog/how-to-remind-someone-they-owe-you-money-politely/,69,asking for money back text messages,0,6,0.0,8.17
remind-someone-owes-money,https://you-owe-me.com/blog/how-to-remind-someone-they-owe-you-money-politely/,70,reminding someone to pay you,0,5,0.0,9.4
remind-someone-owes-money,https://you-owe-me.com/blog/how-to-remind-someone-they-owe-you-money-politely/,71,how to shame someone who owes you money quotes short,0,5,0.0,21.2
remind-someone-owes-money,https://you-owe-me.com/blog/how-to-remind-someone-they-owe-you-money-politely/,72,how to ask for money back politely,0,4,0.0,2.25
remind-someone-owes-money,https://you-owe-me.com/blog/how-to-remind-someone-they-owe-you-money-politely/,73,how to remind someone politely through whatsapp example,0,4,0.0,10.25
remind-someone-owes-money,https://you-owe-me.com/blog/how-to-remind-someone-they-owe-you-money-politely/,74,how to remind someone politely,0,4,0.0,29.0
remind-someone-owes-money,https://you-owe-me.com/blog/how-to-remind-someone-they-owe-you-money-politely/,75,what to say to someone who owes you money,0,3,0.0,2.0
remind-someone-owes-money,https://you-owe-me.com/blog/how-to-remind-someone-they-owe-you-money-politely/,76,how to remind someone who promised you a job,0,3,0.0,2.33
remind-someone-owes-money,https://you-owe-me.com/blog/how-to-remind-someone-they-owe-you-money-politely/,77,how to send reminder for payment,0,3,0.0,2.67
remind-someone-owes-money,https://you-owe-me.com/blog/how-to-remind-someone-they-owe-you-money-politely/,78,how to shame someone who owes you money,0,3,0.0,3.0
remind-someone-owes-money,https://you-owe-me.com/blog/how-to-remind-someone-they-owe-you-money-politely/,79,payment reminder message example,0,3,0.0,3.0
remind-someone-owes-money,https://you-owe-me.com/blog/how-to-remind-someone-they-owe-you-money-politely/,80,remind balance,0,3,0.0,7.0
remind-someone-owes-money,https://you-owe-me.com/blog/how-to-remind-someone-they-owe-you-money-politely/,81,how to ask for payment politely text message,0,3,0.0,18.0
remind-someone-owes-money,https://you-owe-me.com/blog/how-to-remind-someone-they-owe-you-money-politely/,82,what to say when someone promises you something through text,0,2,0.0,1.0
remind-someone-owes-money,https://you-owe-me.com/blog/how-to-remind-someone-they-owe-you-money-politely/,83,how do you write a payment reminder,0,2,0.0,2.0
remind-someone-owes-money,https://you-owe-me.com/blog/how-to-remind-someone-they-owe-you-money-politely/,84,how to ask for money someone owes you,0,2,0.0,2.0
remind-someone-owes-money,https://you-owe-me.com/blog/how-to-remind-someone-they-owe-you-money-politely/,85,how to politely ask someone to pay you,0,2,0.0,2.0
remind-someone-owes-money,https://you-owe-me.com/blog/how-to-remind-someone-they-owe-you-money-politely/,86,polite reminder for payment,0,2,0.0,2.0
remind-someone-owes-money,https://you-owe-me.com/blog/how-to-remind-someone-they-owe-you-money-politely/,87,sms pour réclamer son argent,0,2,0.0,2.0
remind-someone-owes-money,https://you-owe-me.com/blog/how-to-remind-someone-they-owe-you-money-politely/,88,reminding balance,0,2,0.0,2.5
remind-someone-owes-money,https://you-owe-me.com/blog/how-to-remind-someone-they-owe-you-money-politely/,89,friendly payment reminder,0,2,0.0,3.0
remind-someone-owes-money,https://you-owe-me.com/blog/how-to-remind-someone-they-owe-you-money-politely/,90,gentle reminder for payment message template word,0,2,0.0,3.0
remind-someone-owes-money,https://you-owe-me.com/blog/how-to-remind-someone-they-owe-you-money-politely/,91,how to remind someone who promised you a job sample message,0,2,0.0,3.0
remind-someone-owes-money,https://you-owe-me.com/blog/how-to-remind-someone-they-owe-you-money-politely/,92,payment reminder sample,0,2,0.0,3.0
remind-someone-owes-money,https://you-owe-me.com/blog/how-to-remind-someone-they-owe-you-money-politely/,93,simple payment reminder message,0,2,0.0,3.5
remind-someone-owes-money,https://you-owe-me.com/blog/how-to-remind-someone-they-owe-you-money-politely/,94,.,0,2,0.0,6.5
remind-someone-owes-money,https://you-owe-me.com/blog/how-to-remind-someone-they-owe-you-money-politely/,95,how to kindly remind someone they owe you money,0,2,0.0,6.5
remind-someone-owes-money,https://you-owe-me.com/blog/how-to-remind-someone-they-owe-you-money-politely/,96,how to ask someone for money text message example pdf,0,2,0.0,10.5
remind-someone-owes-money,https://you-owe-me.com/blog/how-to-remind-someone-they-owe-you-money-politely/,97,how to ask someone for money they owe you examples,0,2,0.0,18.5
remind-someone-owes-money,https://you-owe-me.com/blog/how-to-remind-someone-they-owe-you-money-politely/,98,how to ask for money text message,0,2,0.0,27.5
remind-someone-owes-money,https://you-owe-me.com/blog/how-to-remind-someone-they-owe-you-money-politely/,99,how to politely remind your boss to pay you,0,2,0.0,32.5
remind-someone-owes-money,https://you-owe-me.com/blog/how-to-remind-someone-they-owe-you-money-politely/,100,how to remind payment politely,0,2,0.0,41.5
remind-someone-owes-money,https://you-owe-me.com/blog/how-to-remind-someone-they-owe-you-money-politely/,101,asking for money back text messages sample reddit,0,1,0.0,1.0
remind-someone-owes-money,https://you-owe-me.com/blog/how-to-remind-someone-they-owe-you-money-politely/,102,how do you send a gentle reminder payment,0,1,0.0,1.0
remind-someone-owes-money,https://you-owe-me.com/blog/how-to-remind-someone-they-owe-you-money-politely/,103,how to remind someone to pay you text sample,0,1,0.0,1.0
remind-someone-owes-money,https://you-owe-me.com/blog/how-to-remind-someone-they-owe-you-money-politely/,104,my boyfriend owes me money,0,1,0.0,1.0
remind-someone-owes-money,https://you-owe-me.com/blog/how-to-remind-someone-they-owe-you-money-politely/,105,napisala,0,1,0.0,1.0
remind-someone-owes-money,https://you-owe-me.com/blog/how-to-remind-someone-they-owe-you-money-politely/,106,yes,0,1,0.0,1.0
remind-someone-owes-money,https://you-owe-me.com/blog/how-to-remind-someone-they-owe-you-money-politely/,107,you still owe me money,0,1,0.0,1.0
remind-someone-owes-money,https://you-owe-me.com/blog/how-to-remind-someone-they-owe-you-money-politely/,108,comment réclamer son argent poliment par sms,0,1,0.0,2.0
remind-someone-owes-money,https://you-owe-me.com/blog/how-to-remind-someone-they-owe-you-money-politely/,109,como recordarle a alguien que te debe dinero,0,1,0.0,2.0
remind-someone-owes-money,https://you-owe-me.com/blog/how-to-remind-someone-they-owe-you-money-politely/,110,friendly reminder of payment due,0,1,0.0,2.0
remind-someone-owes-money,https://you-owe-me.com/blog/how-to-remind-someone-they-owe-you-money-politely/,111,gentle reminder for payment,0,1,0.0,2.0
remind-someone-owes-money,https://you-owe-me.com/blog/how-to-remind-someone-they-owe-you-money-politely/,112,how do you politely ask for payment,0,1,0.0,2.0
remind-someone-owes-money,https://you-owe-me.com/blog/how-to-remind-someone-they-owe-you-money-politely/,113,how to approach someone who owes you money,0,1,0.0,2.0
remind-someone-owes-money,https://you-owe-me.com/blog/how-to-remind-someone-they-owe-you-money-politely/,114,how to ask a friend for money they owe you,0,1,0.0,2.0
remind-someone-owes-money,https://you-owe-me.com/blog/how-to-remind-someone-they-owe-you-money-politely/,115,how to ask for debt payment,0,1,0.0,2.0
remind-someone-owes-money,https://you-owe-me.com/blog/how-to-remind-someone-they-owe-you-money-politely/,116,how to ask for money owed,0,1,0.0,2.0
remind-someone-owes-money,https://you-owe-me.com/blog/how-to-remind-someone-they-owe-you-money-politely/,117,how to ask for money owed politely,0,1,0.0,2.0
remind-someone-owes-money,https://you-owe-me.com/blog/how-to-remind-someone-they-owe-you-money-politely/,118,how to ask for money that someone owes you,0,1,0.0,2.0
remind-someone-owes-money,https://you-owe-me.com/blog/how-to-remind-someone-they-owe-you-money-politely/,119,how to ask for payment politely on whatsapp,0,1,0.0,2.0
remind-someone-owes-money,https://you-owe-me.com/blog/how-to-remind-someone-they-owe-you-money-politely/,120,how to ask for your money back from a friend,0,1,0.0,2.0
remind-someone-owes-money,https://you-owe-me.com/blog/how-to-remind-someone-they-owe-you-money-politely/,121,how to ask someone for money back,0,1,0.0,2.0
remind-someone-owes-money,https://you-owe-me.com/blog/how-to-remind-someone-they-owe-you-money-politely/,122,how to ask someone that owes you money,0,1,0.0,2.0
remind-someone-owes-money,https://you-owe-me.com/blog/how-to-remind-someone-they-owe-you-money-politely/,123,how to ask someone who owes you money,0,1,0.0,2.0
remind-someone-owes-money,https://you-owe-me.com/blog/how-to-remind-someone-they-owe-you-money-politely/,124,how to nicely ask for money owed,0,1,0.0,2.0
remind-someone-owes-money,https://you-owe-me.com/blog/how-to-remind-someone-they-owe-you-money-politely/,125,how to politely ask for money back,0,1,0.0,2.0
remind-someone-owes-money,https://you-owe-me.com/blog/how-to-remind-someone-they-owe-you-money-politely/,126,how to politely ask for salary from your boss,0,1,0.0,2.0
remind-someone-owes-money,https://you-owe-me.com/blog/how-to-remind-someone-they-owe-you-money-politely/,127,how to politely ask your friend to pay you back,0,1,0.0,2.0
remind-someone-owes-money,https://you-owe-me.com/blog/how-to-remind-someone-they-owe-you-money-politely/,128,how to remind for payment,0,1,0.0,2.0
remind-someone-owes-money,https://you-owe-me.com/blog/how-to-remind-someone-they-owe-you-money-politely/,129,how to send a friendly reminder for payment,0,1,0.0,2.0
remind-someone-owes-money,https://you-owe-me.com/blog/how-to-remind-someone-they-owe-you-money-politely/,130,how to send a payment reminder,0,1,0.0,2.0
remind-someone-owes-money,https://you-owe-me.com/blog/how-to-remind-someone-they-owe-you-money-politely/,131,if someone borrowed money not returning what to do,0,1,0.0,2.0
remind-someone-owes-money,https://you-owe-me.com/blog/how-to-remind-someone-they-owe-you-money-politely/,132,is it rude to ask for money someone owes you,0,1,0.0,2.0
remind-someone-owes-money,https://you-owe-me.com/blog/how-to-remind-someone-they-owe-you-money-politely/,133,message pour réclamer son argent,0,1,0.0,2.0
remind-someone-owes-money,https://you-owe-me.com/blog/how-to-remind-someone-they-owe-you-money-politely/,134,more,0,1,0.0,2.0
remind-someone-owes-money,https://you-owe-me.com/blog/how-to-remind-someone-they-owe-you-money-politely/,135,pay your debts quotes,0,1,0.0,2.0
remind-someone-owes-money,https://you-owe-me.com/blog/how-to-remind-someone-they-owe-you-money-politely/,136,people who borrow money and don t pay back quotes,0,1,0.0,2.0
remind-someone-owes-money,https://you-owe-me.com/blog/how-to-remind-someone-they-owe-you-money-politely/,137,reminder for payment message,0,1,0.0,2.0
remind-someone-owes-money,https://you-owe-me.com/blog/how-to-remind-someone-they-owe-you-money-politely/,138,si,0,1,0.0,2.0
remind-someone-owes-money,https://you-owe-me.com/blog/how-to-remind-someone-they-owe-you-money-politely/,139,sim vamos lá,0,1,0.0,2.0
remind-someone-owes-money,https://you-owe-me.com/blog/how-to-remind-someone-they-owe-you-money-politely/,140,what to say to a customer who owes you money,0,1,0.0,2.0
remind-someone-owes-money,https://you-owe-me.com/blog/how-to-remind-someone-they-owe-you-money-politely/,141,whats a nice way of reminding someone that they owe you money,0,1,0.0,2.0
remind-someone-owes-money,https://you-owe-me.com/blog/how-to-remind-someone-they-owe-you-money-politely/,142,when people owe you money,0,1,0.0,2.0
remind-someone-owes-money,https://you-owe-me.com/blog/how-to-remind-someone-they-owe-you-money-politely/,143,write a letter to your uncle to remind him of the promise he has made to you,0,1,0.0,2.0
remind-someone-owes-money,https://you-owe-me.com/blog/how-to-remind-someone-they-owe-you-money-politely/,144,вежливое напоминание об оплате,0,1,0.0,2.0
remind-someone-owes-money,https://you-owe-me.com/blog/how-to-remind-someone-they-owe-you-money-politely/,145,как вежливо напомнить о долге,0,1,0.0,2.0
remind-someone-owes-money,https://you-owe-me.com/blog/how-to-remind-someone-they-owe-you-money-politely/,146,как деликатно напомнить про долг,0,1,0.0,2.0
remind-someone-owes-money,https://you-owe-me.com/blog/how-to-remind-someone-they-owe-you-money-politely/,147,как напомнить человеку о долге,0,1,0.0,2.0
remind-someone-owes-money,https://you-owe-me.com/blog/how-to-remind-someone-they-owe-you-money-politely/,148,как напомнить человеку про долг,0,1,0.0,2.0
remind-someone-owes-money,https://you-owe-me.com/blog/how-to-remind-someone-they-owe-you-money-politely/,149,كيف اطلب من زوجي فلوس برسالة,0,1,0.0,2.0
remind-someone-owes-money,https://you-owe-me.com/blog/how-to-remind-someone-they-owe-you-money-politely/,150,any update on the payment status,0,1,0.0,3.0
remind-someone-owes-money,https://you-owe-me.com/blog/how-to-remind-someone-they-owe-you-money-politely/,151,asking payment politely,0,1,0.0,3.0
remind-someone-owes-money,https://you-owe-me.com/blog/how-to-remind-someone-they-owe-you-money-politely/,152,freundin schuldet mir geld wie ansprechen,0,1,0.0,3.0
remind-someone-owes-money,https://you-owe-me.com/blog/how-to-remind-someone-they-owe-you-money-politely/,153,how to ask a friend to pay you back,0,1,0.0,3.0
remind-someone-owes-money,https://you-owe-me.com/blog/how-to-remind-someone-they-owe-you-money-politely/,154,how to ask your friend for money they owe you,0,1,0.0,3.0
remind-someone-owes-money,https://you-owe-me.com/blog/how-to-remind-someone-they-owe-you-money-politely/,155,how to politely remind your boss to pay you sample,0,1,0.0,3.0
remind-someone-owes-money,https://you-owe-me.com/blog/how-to-remind-someone-they-owe-you-money-politely/,156,how to remind boss to pay you,0,1,0.0,3.0
remind-someone-owes-money,https://you-owe-me.com/blog/how-to-remind-someone-they-owe-you-money-politely/,157,how to win small claims court,0,1,0.0,3.0
remind-someone-owes-money,https://you-owe-me.com/blog/how-to-remind-someone-they-owe-you-money-politely/,158,in debt to a bank,0,1,0.0,3.0
remind-someone-owes-money,https://you-owe-me.com/blog/how-to-remind-someone-they-owe-you-money-politely/,159,jak przypomnieć komuś o długu,0,1,0.0,3.0
remind-someone-owes-money,https://you-owe-me.com/blog/how-to-remind-someone-they-owe-you-money-politely/,160,kind reminder for payment,0,1,0.0,3.0
remind-someone-owes-money,https://you-owe-me.com/blog/how-to-remind-someone-they-owe-you-money-politely/,161,my friend owes me money and is avoiding me,0,1,0.0,3.0
remind-someone-owes-money,https://you-owe-me.com/blog/how-to-remind-someone-they-owe-you-money-politely/,162,outstanding payment reminder,0,1,0.0,3.0
remind-someone-owes-money,https://you-owe-me.com/blog/how-to-remind-someone-they-owe-you-money-politely/,163,past due letter to customer,0,1,0.0,3.0
remind-someone-owes-money,https://you-owe-me.com/blog/how-to-remind-someone-they-owe-you-money-politely/,164,payment reminder example,0,1,0.0,3.0
remind-someone-owes-money,https://you-owe-me.com/blog/how-to-remind-someone-they-owe-you-money-politely/,165,payment reminder mail format,0,1,0.0,3.0
remind-someone-owes-money,https://you-owe-me.com/blog/how-to-remind-someone-they-owe-you-money-politely/,166,payment reminder message,0,1,0.0,3.0
remind-someone-owes-money,https://you-owe-me.com/blog/how-to-remind-someone-they-owe-you-money-politely/,167,payment reminder message on whatsapp,0,1,0.0,3.0
remind-someone-owes-money,https://you-owe-me.com/blog/how-to-remind-someone-they-owe-you-money-politely/,168,payment reminder whatsapp message,0,1,0.0,3.0
remind-someone-owes-money,https://you-owe-me.com/blog/how-to-remind-someone-they-owe-you-money-politely/,169,polite payment reminder message,0,1,0.0,3.0
remind-someone-owes-money,https://you-owe-me.com/blog/how-to-remind-someone-they-owe-you-money-politely/,170,remind payment,0,1,0.0,3.0
remind-someone-owes-money,https://you-owe-me.com/blog/how-to-remind-someone-they-owe-you-money-politely/,171,reminder to pay,0,1,0.0,3.0
remind-someone-owes-money,https://you-owe-me.com/blog/how-to-remind-someone-they-owe-you-money-politely/,172,what to do if someone doesn t pay you for a service,0,1,0.0,3.0
remind-someone-owes-money,https://you-owe-me.com/blog/how-to-remind-someone-they-owe-you-money-politely/,173,what to do if someone owes you money,0,1,0.0,3.0
remind-someone-owes-money,https://you-owe-me.com/blog/how-to-remind-someone-they-owe-you-money-politely/,174,what to do when someone owes you money,0,1,0.0,3.0
remind-someone-owes-money,https://you-owe-me.com/blog/how-to-remind-someone-they-owe-you-money-politely/,175,lent money to a friend how to get it back,0,1,0.0,4.0
remind-someone-owes-money,https://you-owe-me.com/blog/how-to-remind-someone-they-owe-you-money-politely/,176,pet sitter à domicile,0,1,0.0,4.0
remind-someone-owes-money,https://you-owe-me.com/blog/how-to-remind-someone-they-owe-you-money-politely/,177,...,0,1,0.0,5.0
remind-someone-owes-money,https://you-owe-me.com/blog/how-to-remind-someone-they-owe-you-money-politely/,178,how to ask someone for money text message on whatsapp,0,1,0.0,5.0
remind-someone-owes-money,https://you-owe-me.com/blog/how-to-remind-someone-they-owe-you-money-politely/,179,que responderle,0,1,0.0,5.0
remind-someone-owes-money,https://you-owe-me.com/blog/how-to-remind-someone-they-owe-you-money-politely/,180,lelucon,0,1,0.0,6.0
remind-someone-owes-money,https://you-owe-me.com/blog/how-to-remind-someone-they-owe-you-money-politely/,181,เอาอีก,0,1,0.0,6.0
remind-someone-owes-money,https://you-owe-me.com/blog/how-to-remind-someone-they-owe-you-money-politely/,182,?,0,1,0.0,8.0
remind-someone-owes-money,https://you-owe-me.com/blog/how-to-remind-someone-they-owe-you-money-politely/,183,payment reminder email to client,0,1,0.0,8.0
remind-someone-owes-money,https://you-owe-me.com/blog/how-to-remind-someone-they-owe-you-money-politely/,184,remember to pay,0,1,0.0,9.0
remind-someone-owes-money,https://you-owe-me.com/blog/how-to-remind-someone-they-owe-you-money-politely/,185,they still owe you 600,0,1,0.0,9.0
remind-someone-owes-money,https://you-owe-me.com/blog/how-to-remind-someone-they-owe-you-money-politely/,186,message to remind someone of something,0,1,0.0,10.0
remind-someone-owes-money,https://you-owe-me.com/blog/how-to-remind-someone-they-owe-you-money-politely/,187,asking for money text messages sample,0,1,0.0,11.0
remind-someone-owes-money,https://you-owe-me.com/blog/how-to-remind-someone-they-owe-you-money-politely/,188,how to ask someone to pay you politely via text,0,1,0.0,11.0
remind-someone-owes-money,https://you-owe-me.com/blog/how-to-remind-someone-they-owe-you-money-politely/,189,how to prompt someone to send you money,0,1,0.0,11.0
remind-someone-owes-money,https://you-owe-me.com/blog/how-to-remind-someone-they-owe-you-money-politely/,190,reminding amount,0,1,0.0,11.0
remind-someone-owes-money,https://you-owe-me.com/blog/how-to-remind-someone-they-owe-you-money-politely/,191,how to remind someone nicely,0,1,0.0,12.0
remind-someone-owes-money,https://you-owe-me.com/blog/how-to-remind-someone-they-owe-you-money-politely/,192,how to remind someone politely through text,0,1,0.0,12.0
remind-someone-owes-money,https://you-owe-me.com/blog/how-to-remind-someone-they-owe-you-money-politely/,193,how to remind someone to pay you for babysitting,0,1,0.0,12.0
remind-someone-owes-money,https://you-owe-me.com/blog/how-to-remind-someone-they-owe-you-money-politely/,194,the amount of money,0,1,0.0,12.0
remind-someone-owes-money,https://you-owe-me.com/blog/how-to-remind-someone-they-owe-you-money-politely/,195,how to politely ask someone to pay you examples,0,1,0.0,15.0
remind-someone-owes-money,https://you-owe-me.com/blog/how-to-remind-someone-they-owe-you-money-politely/,196,how to politely remind someone,0,1,0.0,18.0
remind-someone-owes-money,https://you-owe-me.com/blog/how-to-remind-someone-they-owe-you-money-politely/,197,how to politely ask for money over text,0,1,0.0,19.0
remind-someone-owes-money,https://you-owe-me.com/blog/how-to-remind-someone-they-owe-you-money-politely/,198,asking for money text message,0,1,0.0,21.0
remind-someone-owes-money,https://you-owe-me.com/blog/how-to-remind-someone-they-owe-you-money-politely/,199,how to remind someone for payment,0,1,0.0,24.0
remind-someone-owes-money,https://you-owe-me.com/blog/how-to-remind-someone-they-owe-you-money-politely/,200,asking for money back text messages sample funny,0,1,0.0,25.0
remind-someone-owes-money,https://you-owe-me.com/blog/how-to-remind-someone-they-owe-you-money-politely/,201,how to borrow money from a friend message,0,1,0.0,25.0
remind-someone-owes-money,https://you-owe-me.com/blog/how-to-remind-someone-they-owe-you-money-politely/,202,texting for payment reminder,0,1,0.0,53.0
repayment-receipt-generator,https://you-owe-me.com/tools/repayment-receipt-generator/,1,partial payment receipt,0,26,0.0,92.08
repayment-receipt-generator,https://you-owe-me.com/tools/repayment-receipt-generator/,2,loan repayment receipt,0,11,0.0,9.73
repayment-receipt-generator,https://you-owe-me.com/tools/repayment-receipt-generator/,3,instant receipt of loan proceeds,0,6,0.0,87.0
repayment-receipt-generator,https://you-owe-me.com/tools/repayment-receipt-generator/,4,personal loan payment receipt,0,5,0.0,34.0
repayment-receipt-generator,https://you-owe-me.com/tools/repayment-receipt-generator/,5,loan payment receipt,0,3,0.0,35.33
repayment-receipt-generator,https://you-owe-me.com/tools/repayment-receipt-generator/,6,payment receipt online,0,3,0.0,86.67
repayment-receipt-generator,https://you-owe-me.com/tools/repayment-receipt-generator/,7,"""maya"" ""payment"" -""casino"" -""daughter"" -""hawke"" -""jama"" -""joint"" -""riviera"" 
-""singh"" -site:reddit.com -site:twitter.com -site:x.com -site:wykop.pl 
-site:tripadvisor.com -site:youtube.com -site:yelp.com -site:booking.com 
-site:facebook.com -site:instagram.com -site:tiktok.com",0,2,0.0,4.0
repayment-receipt-generator,https://you-owe-me.com/tools/repayment-receipt-generator/,8,i owe you receipt,0,2,0.0,4.5
repayment-receipt-generator,https://you-owe-me.com/tools/repayment-receipt-generator/,9,loan receipt,0,2,0.0,43.0
repayment-receipt-generator,https://you-owe-me.com/tools/repayment-receipt-generator/,10,yes,0,1,0.0,1.0
repayment-receipt-generator,https://you-owe-me.com/tools/repayment-receipt-generator/,11,si,0,1,0.0,2.0
repayment-receipt-generator,https://you-owe-me.com/tools/repayment-receipt-generator/,12,balance receipt,0,1,0.0,4.0
repayment-receipt-generator,https://you-owe-me.com/tools/repayment-receipt-generator/,13,ได้,0,1,0.0,4.0
repayment-receipt-generator,https://you-owe-me.com/tools/repayment-receipt-generator/,14,personal loan receipt,0,1,0.0,28.0
repayment-receipt-generator,https://you-owe-me.com/tools/repayment-receipt-generator/,15,payment rec,0,1,0.0,55.0
repayment-receipt-generator,https://you-owe-me.com/tools/repayment-receipt-generator/,16,payment generator,0,1,0.0,82.0
roommate-bill-split-calculator,https://you-owe-me.com/tools/roommate-bill-split-calculator/,1,roommate bill split,0,54,0.0,68.85
roommate-bill-split-calculator,https://you-owe-me.com/tools/roommate-bill-split-calculator/,2,roommate bill splitter,0,8,0.0,66.0
roommate-bill-split-calculator,https://you-owe-me.com/tools/roommate-bill-split-calculator/,3,"billie and nina share a townhouse in the city. as billie has the main 
bedroom with her own bathroom, she pays a 65% share of the fixed expenses. 
what does nina pay weekly if the rent is $2000 per month?",0,3,0.0,7.67
roommate-bill-split-calculator,https://you-owe-me.com/tools/roommate-bill-split-calculator/,4,algorithm to help roommates determine cost,0,3,0.0,22.67
roommate-bill-split-calculator,https://you-owe-me.com/tools/roommate-bill-split-calculator/,5,yes,0,2,0.0,8.5
roommate-bill-split-calculator,https://you-owe-me.com/tools/roommate-bill-split-calculator/,6,si me gustaría saber,0,1,0.0,1.0
roommate-bill-split-calculator,https://you-owe-me.com/tools/roommate-bill-split-calculator/,7,да,0,1,0.0,1.0
roommate-bill-split-calculator,https://you-owe-me.com/tools/roommate-bill-split-calculator/,8,3 people,0,1,0.0,2.0
roommate-bill-split-calculator,https://you-owe-me.com/tools/roommate-bill-split-calculator/,9,sii por fa,0,1,0.0,2.0
roommate-bill-split-calculator,https://you-owe-me.com/tools/roommate-bill-split-calculator/,10,$1.250,0,1,0.0,4.0
roommate-bill-split-calculator,https://you-owe-me.com/tools/roommate-bill-split-calculator/,11,"ian and his roommates pay $50 each month for cable. if this month’s 
electric bill is $61.75, how much are their bills this month in total? if 
this month’s electric bill is e dollars, how much are their bills this 
month in total?",0,1,0.0,4.0
roommate-bill-split-calculator,https://you-owe-me.com/tools/roommate-bill-split-calculator/,12,"xavier and his roommates pay $60 each month for cable. they also have to 
pay the electric bill. if this month they paid $138.25 total, how much was 
their electric bill? if this month they paid e dollars total, how much was 
their electric bill? answer attempt 1 out of 2 electric bill (in dollars) 
if total bill is $138.25: electric bill (in dollars) if total bill is e 
dollars:",0,1,0.0,6.0
roommate-bill-split-calculator,https://you-owe-me.com/tools/roommate-bill-split-calculator/,13,เอาใหม่ๆ,0,1,0.0,8.0
roommate-bill-split-calculator,https://you-owe-me.com/tools/roommate-bill-split-calculator/,14,housemate cost splitting,0,1,0.0,77.0
roommate-bill-split-calculator,https://you-owe-me.com/tools/roommate-bill-split-calculator/,15,dividir gastos roommates,0,1,0.0,91.0
running-balance-calculator,https://you-owe-me.com/tools/running-balance-calculator/,1,balance breakdown rel calculate,0,43,0.0,27.81
running-balance-calculator,https://you-owe-me.com/tools/running-balance-calculator/,2,you owe me app,0,10,0.0,2.6
running-balance-calculator,https://you-owe-me.com/tools/running-balance-calculator/,3,running balance,0,10,0.0,44.5
running-balance-calculator,https://you-owe-me.com/tools/running-balance-calculator/,4,owe app,0,7,0.0,4.14
running-balance-calculator,https://you-owe-me.com/tools/running-balance-calculator/,5,youoweme,0,5,0.0,1.8
running-balance-calculator,https://you-owe-me.com/tools/running-balance-calculator/,6,i owe you app,0,4,0.0,10.75
running-balance-calculator,https://you-owe-me.com/tools/running-balance-calculator/,7,how to combine payment for balance,0,3,0.0,77.0
running-balance-calculator,https://you-owe-me.com/tools/running-balance-calculator/,8,you owe,0,2,0.0,10.5
running-balance-calculator,https://you-owe-me.com/tools/running-balance-calculator/,9,calculate balance,0,2,0.0,30.5
running-balance-calculator,https://you-owe-me.com/tools/running-balance-calculator/,10,running balances,0,2,0.0,62.0
running-balance-calculator,https://you-owe-me.com/tools/running-balance-calculator/,11,who owes what calculator,0,2,0.0,67.0
running-balance-calculator,https://you-owe-me.com/tools/running-balance-calculator/,12,who owes who calculator,0,2,0.0,72.0
running-balance-calculator,https://you-owe-me.com/tools/running-balance-calculator/,13,3700,0,1,0.0,1.0
running-balance-calculator,https://you-owe-me.com/tools/running-balance-calculator/,14,and this one,0,1,0.0,1.0
running-balance-calculator,https://you-owe-me.com/tools/running-balance-calculator/,15,i owe you and you owe me difference,0,1,0.0,1.0
running-balance-calculator,https://you-owe-me.com/tools/running-balance-calculator/,16,"at the end of last week, ivan had $10.35 in his lunch money account. this 
week, he bought lunch for $5.75, deposited $15 into his account, and bought 
lunch for $4.75. what is ivan's balance now?",0,1,0.0,2.0
running-balance-calculator,https://you-owe-me.com/tools/running-balance-calculator/,17,yes,0,1,0.0,4.0
running-balance-calculator,https://you-owe-me.com/tools/running-balance-calculator/,18,how much money would i have,0,1,0.0,5.0
running-balance-calculator,https://you-owe-me.com/tools/running-balance-calculator/,19,owes you,0,1,0.0,6.0
running-balance-calculator,https://you-owe-me.com/tools/running-balance-calculator/,20,calculator,0,1,0.0,7.0
running-balance-calculator,https://you-owe-me.com/tools/running-balance-calculator/,21,sii por fa,0,1,0.0,10.0
running-balance-calculator,https://you-owe-me.com/tools/running-balance-calculator/,22,you ow,0,1,0.0,10.0
running-balance-calculator,https://you-owe-me.com/tools/running-balance-calculator/,23,balance calculation,0,1,0.0,47.0
running-balance-calculator,https://you-owe-me.com/tools/running-balance-calculator/,24,calculating balance,0,1,0.0,47.0
running-balance-calculator,https://you-owe-me.com/tools/running-balance-calculator/,25,the calculation of you and me,0,1,0.0,70.0
running-balance-calculator,https://you-owe-me.com/tools/running-balance-calculator/,26,balance share,0,1,0.0,74.0
running-balance-calculator,https://you-owe-me.com/tools/running-balance-calculator/,27,how do i keep a running balance across multiple client accounts?,0,1,0.0,76.0
running-balance-calculator,https://you-owe-me.com/tools/running-balance-calculator/,28,can i spend my current balance,0,1,0.0,100.0
running-balance-definition,https://you-owe-me.com/blog/what-is-a-running-balance-between-two-people/,1,running balance meaning,7,2316,0.003,5.16
running-balance-definition,https://you-owe-me.com/blog/what-is-a-running-balance-between-two-people/,2,what is running balance,4,546,0.0073,4.17
running-balance-definition,https://you-owe-me.com/blog/what-is-a-running-balance-between-two-people/,3,what is a running balance,2,825,0.0024,6.04
running-balance-definition,https://you-owe-me.com/blog/what-is-a-running-balance-between-two-people/,4,running balance,1,1266,0.0008,6.11
running-balance-definition,https://you-owe-me.com/blog/what-is-a-running-balance-between-two-people/,5,what does running balance mean,1,628,0.0016,4.99
running-balance-definition,https://you-owe-me.com/blog/what-is-a-running-balance-between-two-people/,6,rolling balance meaning,1,68,0.0147,4.24
running-balance-definition,https://you-owe-me.com/blog/what-is-a-running-balance-between-two-people/,7,what is running balance in bank,1,59,0.0169,4.64
running-balance-definition,https://you-owe-me.com/blog/what-is-a-running-balance-between-two-people/,8,what is a running balance in banking,1,49,0.0204,4.16
running-balance-definition,https://you-owe-me.com/blog/what-is-a-running-balance-between-two-people/,9,what is running balance mean,1,18,0.0556,5.0
running-balance-definition,https://you-owe-me.com/blog/what-is-a-running-balance-between-two-people/,10,what does running balance mean on checking account,0,117,0.0,5.52
running-balance-definition,https://you-owe-me.com/blog/what-is-a-running-balance-between-two-people/,11,what does a running balance mean,0,74,0.0,4.96
running-balance-definition,https://you-owe-me.com/blog/what-is-a-running-balance-between-two-people/,12,whats a running balance,0,69,0.0,5.87
running-balance-definition,https://you-owe-me.com/blog/what-is-a-running-balance-between-two-people/,13,running balance definition,0,60,0.0,4.5
running-balance-definition,https://you-owe-me.com/blog/what-is-a-running-balance-between-two-people/,14,meaning of running balance,0,56,0.0,5.16
running-balance-definition,https://you-owe-me.com/blog/what-is-a-running-balance-between-two-people/,15,what does show running balance mean,0,54,0.0,4.11
running-balance-definition,https://you-owe-me.com/blog/what-is-a-running-balance-between-two-people/,16,running balance means,0,48,0.0,4.71
running-balance-definition,https://you-owe-me.com/blog/what-is-a-running-balance-between-two-people/,17,what is the meaning of running balance,0,47,0.0,5.68
running-balance-definition,https://you-owe-me.com/blog/what-is-a-running-balance-between-two-people/,18,rolling balance,0,47,0.0,8.57
running-balance-definition,https://you-owe-me.com/blog/what-is-a-running-balance-between-two-people/,19,running balance example,0,44,0.0,7.68
running-balance-definition,https://you-owe-me.com/blog/what-is-a-running-balance-between-two-people/,20,running amount meaning,0,37,0.0,5.73
running-balance-definition,https://you-owe-me.com/blog/what-is-a-running-balance-between-two-people/,21,what is the running balance,0,36,0.0,6.47
running-balance-definition,https://you-owe-me.com/blog/what-is-a-running-balance-between-two-people/,22,running balances,0,36,0.0,6.83
running-balance-definition,https://you-owe-me.com/blog/what-is-a-running-balance-between-two-people/,23,running statement meaning,0,34,0.0,5.88
running-balance-definition,https://you-owe-me.com/blog/what-is-a-running-balance-between-two-people/,24,what is running balance in bank statement,0,28,0.0,4.61
running-balance-definition,https://you-owe-me.com/blog/what-is-a-running-balance-between-two-people/,25,what is a rolling balance,0,27,0.0,6.52
running-balance-definition,https://you-owe-me.com/blog/what-is-a-running-balance-between-two-people/,26,define running balance,0,26,0.0,4.85
running-balance-definition,https://you-owe-me.com/blog/what-is-a-running-balance-between-two-people/,27,what is a running balance on a bank statement,0,25,0.0,4.72
running-balance-definition,https://you-owe-me.com/blog/what-is-a-running-balance-between-two-people/,28,what is running balance in credit card,0,23,0.0,8.3
running-balance-definition,https://you-owe-me.com/blog/what-is-a-running-balance-between-two-people/,29,what is running balance in accounting,0,20,0.0,6.5
running-balance-definition,https://you-owe-me.com/blog/what-is-a-running-balance-between-two-people/,30,running balance 意味,0,19,0.0,6.68
running-balance-definition,https://you-owe-me.com/blog/what-is-a-running-balance-between-two-people/,31,running balance in accounting,0,19,0.0,6.89
running-balance-definition,https://you-owe-me.com/blog/what-is-a-running-balance-between-two-people/,32,running balance method,0,18,0.0,12.28
running-balance-definition,https://you-owe-me.com/blog/what-is-a-running-balance-between-two-people/,33,running account balance,0,17,0.0,9.0
running-balance-definition,https://you-owe-me.com/blog/what-is-a-running-balance-between-two-people/,34,running balance account,0,17,0.0,10.0
running-balance-definition,https://you-owe-me.com/blog/what-is-a-running-balance-between-two-people/,35,what does running balance mean on fnb,0,16,0.0,3.75
running-balance-definition,https://you-owe-me.com/blog/what-is-a-running-balance-between-two-people/,36,what does running balance mean on credit card,0,15,0.0,10.27
running-balance-definition,https://you-owe-me.com/blog/what-is-a-running-balance-between-two-people/,37,what is a running balance in a checking account,0,14,0.0,4.86
running-balance-definition,https://you-owe-me.com/blog/what-is-a-running-balance-between-two-people/,38,what is a running statement,0,14,0.0,6.79
running-balance-definition,https://you-owe-me.com/blog/what-is-a-running-balance-between-two-people/,39,what is a running balance?,0,11,0.0,5.27
running-balance-definition,https://you-owe-me.com/blog/what-is-a-running-balance-between-two-people/,40,what is a running balance on a credit card,0,11,0.0,9.64
running-balance-definition,https://you-owe-me.com/blog/what-is-a-running-balance-between-two-people/,41,what is a running balance fnb,0,10,0.0,4.7
running-balance-definition,https://you-owe-me.com/blog/what-is-a-running-balance-between-two-people/,42,running balance meaning fnb,0,10,0.0,6.5
running-balance-definition,https://you-owe-me.com/blog/what-is-a-running-balance-between-two-people/,43,run down balance meaning in banking,0,9,0.0,3.0
running-balance-definition,https://you-owe-me.com/blog/what-is-a-running-balance-between-two-people/,44,running balance fnb meaning,0,7,0.0,4.0
running-balance-definition,https://you-owe-me.com/blog/what-is-a-running-balance-between-two-people/,45,keeping a running balance,0,7,0.0,18.0
running-balance-definition,https://you-owe-me.com/blog/what-is-a-running-balance-between-two-people/,46,running balance vs current balance,0,6,0.0,8.0
running-balance-definition,https://you-owe-me.com/blog/what-is-a-running-balance-between-two-people/,47,running balance meaning in tagalog,0,5,0.0,1.8
running-balance-definition,https://you-owe-me.com/blog/what-is-a-running-balance-between-two-people/,48,whats running balance,0,5,0.0,5.2
running-balance-definition,https://you-owe-me.com/blog/what-is-a-running-balance-between-two-people/,49,how do i keep a running balance across multiple client accounts?,0,4,0.0,15.25
running-balance-definition,https://you-owe-me.com/blog/what-is-a-running-balance-between-two-people/,50,running balance form,0,4,0.0,17.0
running-balance-definition,https://you-owe-me.com/blog/what-is-a-running-balance-between-two-people/,51,balance running,0,3,0.0,2.0
running-balance-definition,https://you-owe-me.com/blog/what-is-a-running-balance-between-two-people/,52,running statement,0,3,0.0,5.0
running-balance-definition,https://you-owe-me.com/blog/what-is-a-running-balance-between-two-people/,53,running account meaning,0,3,0.0,14.67
running-balance-definition,https://you-owe-me.com/blog/what-is-a-running-balance-between-two-people/,54,running balance in tally,0,2,0.0,2.0
running-balance-definition,https://you-owe-me.com/blog/what-is-a-running-balance-between-two-people/,55,running balance artinya,0,2,0.0,7.5
running-balance-definition,https://you-owe-me.com/blog/what-is-a-running-balance-between-two-people/,56,run balance,0,2,0.0,15.0
running-balance-definition,https://you-owe-me.com/blog/what-is-a-running-balance-between-two-people/,57,carried balance,0,2,0.0,29.5
running-balance-definition,https://you-owe-me.com/blog/what-is-a-running-balance-between-two-people/,58,what does current balance mean,0,2,0.0,50.5
running-balance-definition,https://you-owe-me.com/blog/what-is-a-running-balance-between-two-people/,59,what does carrying a balance mean,0,2,0.0,54.0
running-balance-definition,https://you-owe-me.com/blog/what-is-a-running-balance-between-two-people/,60,balance after transaction,0,1,0.0,1.0
running-balance-definition,https://you-owe-me.com/blog/what-is-a-running-balance-between-two-people/,61,running balance meaning in hindi,0,1,0.0,2.0
running-balance-definition,https://you-owe-me.com/blog/what-is-a-running-balance-between-two-people/,62,running loan meaning,0,1,0.0,2.0
running-balance-definition,https://you-owe-me.com/blog/what-is-a-running-balance-between-two-people/,63,running amount,0,1,0.0,3.0
running-balance-definition,https://you-owe-me.com/blog/what-is-a-running-balance-between-two-people/,64,what is running balance in bpi,0,1,0.0,3.0
running-balance-definition,https://you-owe-me.com/blog/what-is-a-running-balance-between-two-people/,65,ruchomy balance,0,1,0.0,6.0
running-balance-definition,https://you-owe-me.com/blog/what-is-a-running-balance-between-two-people/,66,בביטוח,0,1,0.0,8.0
running-balance-definition,https://you-owe-me.com/blog/what-is-a-running-balance-between-two-people/,67,"""maya"" ""pay"" -""casino"" -""daughter"" -""hawke"" -""jama"" -""joint"" -""riviera"" 
-""singh"" -site:reddit.com -site:twitter.com -site:x.com -site:wykop.pl 
-site:tripadvisor.com -site:youtube.com -site:yelp.com -site:booking.com 
-site:facebook.com -site:instagram.com -site:tiktok.com",0,1,0.0,9.0
running-balance-definition,https://you-owe-me.com/blog/what-is-a-running-balance-between-two-people/,68,running bill meaning,0,1,0.0,9.0
running-balance-definition,https://you-owe-me.com/blog/what-is-a-running-balance-between-two-people/,69,debit+running,0,1,0.0,10.0
running-balance-definition,https://you-owe-me.com/blog/what-is-a-running-balance-between-two-people/,70,balance parcel meaning,0,1,0.0,11.0
running-balance-definition,https://you-owe-me.com/blog/what-is-a-running-balance-between-two-people/,71,balance share,0,1,0.0,24.0
running-balance-definition,https://you-owe-me.com/blog/what-is-a-running-balance-between-two-people/,72,running balance ledger,0,1,0.0,59.0
running-balance-definition,https://you-owe-me.com/blog/what-is-a-running-balance-between-two-people/,73,what do current balance mean,0,1,0.0,70.0
say-no-to-money-requests,https://you-owe-me.com/blog/how-to-politely-say-no-when-people-ask-for-money/,1,how to say no to someone asking for money examples,2,147,0.013600000000000001,7.32
say-no-to-money-requests,https://you-owe-me.com/blog/how-to-politely-say-no-when-people-ask-for-money/,2,how to say no to someone asking for money,1,148,0.0068000000000000005,8.82
say-no-to-money-requests,https://you-owe-me.com/blog/how-to-politely-say-no-when-people-ask-for-money/,3,how to say no when someone asks for money,1,125,0.008,7.95
say-no-to-money-requests,https://you-owe-me.com/blog/how-to-politely-say-no-when-people-ask-for-money/,4,how to say no when someone asks to borrow money,1,46,0.0217,8.11
say-no-to-money-requests,https://you-owe-me.com/blog/how-to-politely-say-no-when-people-ask-for-money/,5,how to tell someone no when they ask for money,1,29,0.0345,8.83
say-no-to-money-requests,https://you-owe-me.com/blog/how-to-politely-say-no-when-people-ask-for-money/,6,how to tell someone you can't lend them money,1,4,0.25,8.0
say-no-to-money-requests,https://you-owe-me.com/blog/how-to-politely-say-no-when-people-ask-for-money/,7,i don't have any money to pay you,1,1,1.0,1.0
say-no-to-money-requests,https://you-owe-me.com/blog/how-to-politely-say-no-when-people-ask-for-money/,8,how do i say no to my son asking for money,0,56,0.0,18.21
say-no-to-money-requests,https://you-owe-me.com/blog/how-to-politely-say-no-when-people-ask-for-money/,9,how to politely say no to someone asking for money,0,52,0.0,8.87
say-no-to-money-requests,https://you-owe-me.com/blog/how-to-politely-say-no-when-people-ask-for-money/,10,my friend is asking for money how to say no,0,49,0.0,6.69
say-no-to-money-requests,https://you-owe-me.com/blog/how-to-politely-say-no-when-people-ask-for-money/,11,how to say no to lending money,0,42,0.0,15.55
say-no-to-money-requests,https://you-owe-me.com/blog/how-to-politely-say-no-when-people-ask-for-money/,12,how to say no to a friend asking for money,0,36,0.0,9.17
say-no-to-money-requests,https://you-owe-me.com/blog/how-to-politely-say-no-when-people-ask-for-money/,13,how to say no to people asking for money,0,29,0.0,8.9
say-no-to-money-requests,https://you-owe-me.com/blog/how-to-politely-say-no-when-people-ask-for-money/,14,how to stop a girl from asking you for money,0,25,0.0,2.2
say-no-to-money-requests,https://you-owe-me.com/blog/how-to-politely-say-no-when-people-ask-for-money/,15,how to politely decline someone asking for money,0,22,0.0,6.73
say-no-to-money-requests,https://you-owe-me.com/blog/how-to-politely-say-no-when-people-ask-for-money/,16,how to say no when family asks for money,0,22,0.0,11.73
say-no-to-money-requests,https://you-owe-me.com/blog/how-to-politely-say-no-when-people-ask-for-money/,17,how to politely say no when someone asks for money,0,18,0.0,8.72
say-no-to-money-requests,https://you-owe-me.com/blog/how-to-politely-say-no-when-people-ask-for-money/,18,how to ask for money politely,0,18,0.0,34.78
say-no-to-money-requests,https://you-owe-me.com/blog/how-to-politely-say-no-when-people-ask-for-money/,19,how to say no to family asking for money,0,16,0.0,8.69
say-no-to-money-requests,https://you-owe-me.com/blog/how-to-politely-say-no-when-people-ask-for-money/,20,nerdwallet how to say no when someone asks to borrow money,0,16,0.0,10.56
say-no-to-money-requests,https://you-owe-me.com/blog/how-to-politely-say-no-when-people-ask-for-money/,21,best response to someone asking for money text,0,15,0.0,6.07
say-no-to-money-requests,https://you-owe-me.com/blog/how-to-politely-say-no-when-people-ask-for-money/,22,how do you politely say no to someone asking for money,0,15,0.0,6.47
say-no-to-money-requests,https://you-owe-me.com/blog/how-to-politely-say-no-when-people-ask-for-money/,23,how to say i don 't have money politely,0,13,0.0,11.08
say-no-to-money-requests,https://you-owe-me.com/blog/how-to-politely-say-no-when-people-ask-for-money/,24,if someone ask for money how to say no,0,10,0.0,9.3
say-no-to-money-requests,https://you-owe-me.com/blog/how-to-politely-say-no-when-people-ask-for-money/,25,how to politely decline a request for money,0,9,0.0,14.67
say-no-to-money-requests,https://you-owe-me.com/blog/how-to-politely-say-no-when-people-ask-for-money/,26,how to politely say no to a friend asking for money,0,7,0.0,8.43
say-no-to-money-requests,https://you-owe-me.com/blog/how-to-politely-say-no-when-people-ask-for-money/,27,how to say i don't have money politely,0,7,0.0,11.43
say-no-to-money-requests,https://you-owe-me.com/blog/how-to-politely-say-no-when-people-ask-for-money/,28,"no you don't have to pay for this information i'm here to provide 
assistance thank you",0,6,0.0,2.0
say-no-to-money-requests,https://you-owe-me.com/blog/how-to-politely-say-no-when-people-ask-for-money/,29,how to tell someone to stop asking for money,0,6,0.0,5.17
say-no-to-money-requests,https://you-owe-me.com/blog/how-to-politely-say-no-when-people-ask-for-money/,30,how to decline someone asking for money,0,6,0.0,7.83
say-no-to-money-requests,https://you-owe-me.com/blog/how-to-politely-say-no-when-people-ask-for-money/,31,send no money now,0,6,0.0,29.5
say-no-to-money-requests,https://you-owe-me.com/blog/how-to-politely-say-no-when-people-ask-for-money/,32,how to politely ask for money,0,6,0.0,32.5
say-no-to-money-requests,https://you-owe-me.com/blog/how-to-politely-say-no-when-people-ask-for-money/,33,how to say no if someone asks for money,0,5,0.0,9.4
say-no-to-money-requests,https://you-owe-me.com/blog/how-to-politely-say-no-when-people-ask-for-money/,34,how to say no to relatives asking for money,0,5,0.0,10.6
say-no-to-money-requests,https://you-owe-me.com/blog/how-to-politely-say-no-when-people-ask-for-money/,35,how to reply a girl who ask for money,0,4,0.0,2.0
say-no-to-money-requests,https://you-owe-me.com/blog/how-to-politely-say-no-when-people-ask-for-money/,36,how to tell someone you can t help them financially,0,4,0.0,4.75
say-no-to-money-requests,https://you-owe-me.com/blog/how-to-politely-say-no-when-people-ask-for-money/,37,how to say no to lending money to a friend,0,4,0.0,6.0
say-no-to-money-requests,https://you-owe-me.com/blog/how-to-politely-say-no-when-people-ask-for-money/,38,saying no to money requests,0,4,0.0,12.75
say-no-to-money-requests,https://you-owe-me.com/blog/how-to-politely-say-no-when-people-ask-for-money/,39,how to refuse lending money to a friend,0,4,0.0,28.25
say-no-to-money-requests,https://you-owe-me.com/blog/how-to-politely-say-no-when-people-ask-for-money/,40,how to propose with no money,0,4,0.0,73.5
say-no-to-money-requests,https://you-owe-me.com/blog/how-to-politely-say-no-when-people-ask-for-money/,41,how to refuse lending money politely,0,3,0.0,3.67
say-no-to-money-requests,https://you-owe-me.com/blog/how-to-politely-say-no-when-people-ask-for-money/,42,how to politely decline someone borrowing money,0,3,0.0,5.0
say-no-to-money-requests,https://you-owe-me.com/blog/how-to-politely-say-no-when-people-ask-for-money/,43,no to money,0,3,0.0,11.0
say-no-to-money-requests,https://you-owe-me.com/blog/how-to-politely-say-no-when-people-ask-for-money/,44,good excuses for not giving money,0,3,0.0,24.0
say-no-to-money-requests,https://you-owe-me.com/blog/how-to-politely-say-no-when-people-ask-for-money/,45,how to stop family members from asking for money,0,2,0.0,3.0
say-no-to-money-requests,https://you-owe-me.com/blog/how-to-politely-say-no-when-people-ask-for-money/,46,yes,0,2,0.0,3.0
say-no-to-money-requests,https://you-owe-me.com/blog/how-to-politely-say-no-when-people-ask-for-money/,47,family asking for money,0,2,0.0,4.0
say-no-to-money-requests,https://you-owe-me.com/blog/how-to-politely-say-no-when-people-ask-for-money/,48,how to get someone to stop asking for money,0,2,0.0,8.0
say-no-to-money-requests,https://you-owe-me.com/blog/how-to-politely-say-no-when-people-ask-for-money/,49,how to politely decline a friend asking for money,0,2,0.0,8.5
say-no-to-money-requests,https://you-owe-me.com/blog/how-to-politely-say-no-when-people-ask-for-money/,50,what to say when someone asks for money,0,2,0.0,9.0
say-no-to-money-requests,https://you-owe-me.com/blog/how-to-politely-say-no-when-people-ask-for-money/,51,how to say no to someone borrowing money,0,2,0.0,10.0
say-no-to-money-requests,https://you-owe-me.com/blog/how-to-politely-say-no-when-people-ask-for-money/,52,what to do when someone asks for money,0,2,0.0,10.0
say-no-to-money-requests,https://you-owe-me.com/blog/how-to-politely-say-no-when-people-ask-for-money/,53,how to respond to someone asking for money,0,2,0.0,10.5
say-no-to-money-requests,https://you-owe-me.com/blog/how-to-politely-say-no-when-people-ask-for-money/,54,bankrate how to say no when someone asks to borrow money,0,2,0.0,11.0
say-no-to-money-requests,https://you-owe-me.com/blog/how-to-politely-say-no-when-people-ask-for-money/,55,how to politely say no to lending money,0,2,0.0,11.0
say-no-to-money-requests,https://you-owe-me.com/blog/how-to-politely-say-no-when-people-ask-for-money/,56,how to ask someone for money politely,0,2,0.0,23.0
say-no-to-money-requests,https://you-owe-me.com/blog/how-to-politely-say-no-when-people-ask-for-money/,57,asking for money,0,2,0.0,24.0
say-no-to-money-requests,https://you-owe-me.com/blog/how-to-politely-say-no-when-people-ask-for-money/,58,ask someone for money,0,2,0.0,25.5
say-no-to-money-requests,https://you-owe-me.com/blog/how-to-politely-say-no-when-people-ask-for-money/,59,how to ask money from someone in a polite way,0,2,0.0,25.5
say-no-to-money-requests,https://you-owe-me.com/blog/how-to-politely-say-no-when-people-ask-for-money/,60,how to ask money politely,0,2,0.0,26.0
say-no-to-money-requests,https://you-owe-me.com/blog/how-to-politely-say-no-when-people-ask-for-money/,61,da,0,1,0.0,1.0
say-no-to-money-requests,https://you-owe-me.com/blog/how-to-politely-say-no-when-people-ask-for-money/,62,es mi compañera de trabajo,0,1,0.0,1.0
say-no-to-money-requests,https://you-owe-me.com/blog/how-to-politely-say-no-when-people-ask-for-money/,63,how to politely decline money,0,1,0.0,1.0
say-no-to-money-requests,https://you-owe-me.com/blog/how-to-politely-say-no-when-people-ask-for-money/,64,i dont want to pay money,0,1,0.0,1.0
say-no-to-money-requests,https://you-owe-me.com/blog/how-to-politely-say-no-when-people-ask-for-money/,65,nhắn tin,0,1,0.0,1.0
say-no-to-money-requests,https://you-owe-me.com/blog/how-to-politely-say-no-when-people-ask-for-money/,66,she needs that cash,0,1,0.0,1.0
say-no-to-money-requests,https://you-owe-me.com/blog/how-to-politely-say-no-when-people-ask-for-money/,67,да,0,1,0.0,1.0
say-no-to-money-requests,https://you-owe-me.com/blog/how-to-politely-say-no-when-people-ask-for-money/,68,another word for no money,0,1,0.0,2.0
say-no-to-money-requests,https://you-owe-me.com/blog/how-to-politely-say-no-when-people-ask-for-money/,69,family always asking for money,0,1,0.0,2.0
say-no-to-money-requests,https://you-owe-me.com/blog/how-to-politely-say-no-when-people-ask-for-money/,70,how to say no to an addict asking for money,0,1,0.0,2.0
say-no-to-money-requests,https://you-owe-me.com/blog/how-to-politely-say-no-when-people-ask-for-money/,71,i don't have money in hausa,0,1,0.0,2.0
say-no-to-money-requests,https://you-owe-me.com/blog/how-to-politely-say-no-when-people-ask-for-money/,72,i dont have money in spanish,0,1,0.0,2.0
say-no-to-money-requests,https://you-owe-me.com/blog/how-to-politely-say-no-when-people-ask-for-money/,73,my parents keep asking me for money,0,1,0.0,2.0
say-no-to-money-requests,https://you-owe-me.com/blog/how-to-politely-say-no-when-people-ask-for-money/,74,no i don't want to pay,0,1,0.0,2.0
say-no-to-money-requests,https://you-owe-me.com/blog/how-to-politely-say-no-when-people-ask-for-money/,75,no money,0,1,0.0,2.0
say-no-to-money-requests,https://you-owe-me.com/blog/how-to-politely-say-no-when-people-ask-for-money/,76,what does proverbs say about lending money,0,1,0.0,2.0
say-no-to-money-requests,https://you-owe-me.com/blog/how-to-politely-say-no-when-people-ask-for-money/,77,what to do when a family member asks to borrow money,0,1,0.0,2.0
say-no-to-money-requests,https://you-owe-me.com/blog/how-to-politely-say-no-when-people-ask-for-money/,78,when a girl ask you for money what does it mean,0,1,0.0,2.0
say-no-to-money-requests,https://you-owe-me.com/blog/how-to-politely-say-no-when-people-ask-for-money/,79,yes please,0,1,0.0,2.0
say-no-to-money-requests,https://you-owe-me.com/blog/how-to-politely-say-no-when-people-ask-for-money/,80,yg nomer 1,0,1,0.0,2.0
say-no-to-money-requests,https://you-owe-me.com/blog/how-to-politely-say-no-when-people-ask-for-money/,81,cara menolak pacar pinjam uang,0,1,0.0,3.0
say-no-to-money-requests,https://you-owe-me.com/blog/how-to-politely-say-no-when-people-ask-for-money/,82,city gospel mission cincinnati,0,1,0.0,3.0
say-no-to-money-requests,https://you-owe-me.com/blog/how-to-politely-say-no-when-people-ask-for-money/,83,family member keeps asking for money,0,1,0.0,3.0
say-no-to-money-requests,https://you-owe-me.com/blog/how-to-politely-say-no-when-people-ask-for-money/,84,fenix flexin rubberz lyrics,0,1,0.0,3.0
say-no-to-money-requests,https://you-owe-me.com/blog/how-to-politely-say-no-when-people-ask-for-money/,85,guy i'm dating asked to borrow money,0,1,0.0,3.0
say-no-to-money-requests,https://you-owe-me.com/blog/how-to-politely-say-no-when-people-ask-for-money/,86,how to politely decline money from family,0,1,0.0,3.0
say-no-to-money-requests,https://you-owe-me.com/blog/how-to-politely-say-no-when-people-ask-for-money/,87,money,0,1,0.0,3.0
say-no-to-money-requests,https://you-owe-me.com/blog/how-to-politely-say-no-when-people-ask-for-money/,88,no not me,0,1,0.0,3.0
say-no-to-money-requests,https://you-owe-me.com/blog/how-to-politely-say-no-when-people-ask-for-money/,89,nu,0,1,0.0,3.0
say-no-to-money-requests,https://you-owe-me.com/blog/how-to-politely-say-no-when-people-ask-for-money/,90,people keep asking me for money,0,1,0.0,3.0
say-no-to-money-requests,https://you-owe-me.com/blog/how-to-politely-say-no-when-people-ask-for-money/,91,porque un hombre pide dinero a una mujer,0,1,0.0,3.0
say-no-to-money-requests,https://you-owe-me.com/blog/how-to-politely-say-no-when-people-ask-for-money/,92,ruah community services,0,1,0.0,3.0
say-no-to-money-requests,https://you-owe-me.com/blog/how-to-politely-say-no-when-people-ask-for-money/,93,when a man asks you for money,0,1,0.0,3.0
say-no-to-money-requests,https://you-owe-me.com/blog/how-to-politely-say-no-when-people-ask-for-money/,94,which day is not good to give money,0,1,0.0,3.0
say-no-to-money-requests,https://you-owe-me.com/blog/how-to-politely-say-no-when-people-ask-for-money/,95,woman asking for money,0,1,0.0,3.0
say-no-to-money-requests,https://you-owe-me.com/blog/how-to-politely-say-no-when-people-ask-for-money/,96,how to tell someone you don t have money to lend them,0,1,0.0,4.0
say-no-to-money-requests,https://you-owe-me.com/blog/how-to-politely-say-no-when-people-ask-for-money/,97,payment,0,1,0.0,4.0
say-no-to-money-requests,https://you-owe-me.com/blog/how-to-politely-say-no-when-people-ask-for-money/,98,stop asking me for money,0,1,0.0,4.0
say-no-to-money-requests,https://you-owe-me.com/blog/how-to-politely-say-no-when-people-ask-for-money/,99,again,0,1,0.0,8.0
say-no-to-money-requests,https://you-owe-me.com/blog/how-to-politely-say-no-when-people-ask-for-money/,100,not asking for money,0,1,0.0,8.0
say-no-to-money-requests,https://you-owe-me.com/blog/how-to-politely-say-no-when-people-ask-for-money/,101,phoenix chinese colchester,0,1,0.0,8.0
say-no-to-money-requests,https://you-owe-me.com/blog/how-to-politely-say-no-when-people-ask-for-money/,102,how to say no to friend asking for money,0,1,0.0,9.0
say-no-to-money-requests,https://you-owe-me.com/blog/how-to-politely-say-no-when-people-ask-for-money/,103,help me,0,1,0.0,10.0
say-no-to-money-requests,https://you-owe-me.com/blog/how-to-politely-say-no-when-people-ask-for-money/,104,"si, porfavor.",0,1,0.0,10.0
say-no-to-money-requests,https://you-owe-me.com/blog/how-to-politely-say-no-when-people-ask-for-money/,105,how to politely tell someone you can't lend them money,0,1,0.0,11.0
say-no-to-money-requests,https://you-owe-me.com/blog/how-to-politely-say-no-when-people-ask-for-money/,106,someone asking for money,0,1,0.0,12.0
say-no-to-money-requests,https://you-owe-me.com/blog/how-to-politely-say-no-when-people-ask-for-money/,107,stop asking for money,0,1,0.0,16.0
say-no-to-money-requests,https://you-owe-me.com/blog/how-to-politely-say-no-when-people-ask-for-money/,108,how to ask for money without asking for money,0,1,0.0,19.0
say-no-to-money-requests,https://you-owe-me.com/blog/how-to-politely-say-no-when-people-ask-for-money/,109,polite way to ask for money examples,0,1,0.0,24.0
say-no-to-money-requests,https://you-owe-me.com/blog/how-to-politely-say-no-when-people-ask-for-money/,110,how to request for money politely,0,1,0.0,29.0
say-no-to-money-requests,https://you-owe-me.com/blog/how-to-politely-say-no-when-people-ask-for-money/,111,don't ask me for money,0,1,0.0,38.0
say-no-to-money-requests,https://you-owe-me.com/blog/how-to-politely-say-no-when-people-ask-for-money/,112,polite way to ask for money,0,1,0.0,42.0
say-no-to-money-requests,https://you-owe-me.com/blog/how-to-politely-say-no-when-people-ask-for-money/,113,how to say i don't have money,0,1,0.0,44.0
split-expense-calculator,https://you-owe-me.com/tools/split-expense-calculator/,1,who owes what,1,34,0.0294,21.12
split-expense-calculator,https://you-owe-me.com/tools/split-expense-calculator/,2,who owes what calculator,1,19,0.0526,38.53
split-expense-calculator,https://you-owe-me.com/tools/split-expense-calculator/,3,how to work out who owes what,1,10,0.1,5.3
split-expense-calculator,https://you-owe-me.com/tools/split-expense-calculator/,4,"this is a reciept that i split between 4 people including me. im trying to 
calculate the cost between me and all of the other people. ask me questions 
on who bought each item. there names are jackson, hudson, and trevor and me",0,28,0.0,7.57
split-expense-calculator,https://you-owe-me.com/tools/split-expense-calculator/,5,who owes who calculator,0,23,0.0,30.87
split-expense-calculator,https://you-owe-me.com/tools/split-expense-calculator/,6,split expenses calculator,0,19,0.0,67.89
split-expense-calculator,https://you-owe-me.com/tools/split-expense-calculator/,7,how to split 90 dollars,0,17,0.0,8.41
split-expense-calculator,https://you-owe-me.com/tools/split-expense-calculator/,8,how to split 90 dollars 2 ways,0,13,0.0,7.0
split-expense-calculator,https://you-owe-me.com/tools/split-expense-calculator/,9,money split calculator,0,13,0.0,67.92
split-expense-calculator,https://you-owe-me.com/tools/split-expense-calculator/,10,how to split bills with spouse calculator,0,11,0.0,81.27
split-expense-calculator,https://you-owe-me.com/tools/split-expense-calculator/,11,dividing total payment in weekly instalments,0,10,0.0,53.4
split-expense-calculator,https://you-owe-me.com/tools/split-expense-calculator/,12,"if $98 is shared between eight people, how much does each person receive?",0,9,0.0,6.0
split-expense-calculator,https://you-owe-me.com/tools/split-expense-calculator/,13,how to split bills based on income calculator,0,8,0.0,80.5
split-expense-calculator,https://you-owe-me.com/tools/split-expense-calculator/,14,you owe me app,0,7,0.0,3.29
split-expense-calculator,https://you-owe-me.com/tools/split-expense-calculator/,15,who owes who,0,7,0.0,9.43
split-expense-calculator,https://you-owe-me.com/tools/split-expense-calculator/,16,splitting expenses calculator,0,7,0.0,70.57
split-expense-calculator,https://you-owe-me.com/tools/split-expense-calculator/,17,calculate who owes what,0,5,0.0,8.0
split-expense-calculator,https://you-owe-me.com/tools/split-expense-calculator/,18,if friend paid $70 for dinner and i paid $35 dessert is that equa?,0,5,0.0,11.0
split-expense-calculator,https://you-owe-me.com/tools/split-expense-calculator/,19,shared expense calculator,0,5,0.0,50.4
split-expense-calculator,https://you-owe-me.com/tools/split-expense-calculator/,20,yes,0,4,0.0,2.75
split-expense-calculator,https://you-owe-me.com/tools/split-expense-calculator/,21,"chris and nick want to split an 8-scoop ice cream sundae. the sundae costs 
$15.75. they each earned $6.50 for weeding the garden for their mom. how 
much more money do they need to buy this sundae?",0,4,0.0,5.25
split-expense-calculator,https://you-owe-me.com/tools/split-expense-calculator/,22,who pays whom,0,4,0.0,16.0
split-expense-calculator,https://you-owe-me.com/tools/split-expense-calculator/,23,who owes whom,0,4,0.0,43.5
split-expense-calculator,https://you-owe-me.com/tools/split-expense-calculator/,24,split costs calculator,0,4,0.0,64.75
split-expense-calculator,https://you-owe-me.com/tools/split-expense-calculator/,25,splitting costs calculator,0,4,0.0,69.25
split-expense-calculator,https://you-owe-me.com/tools/split-expense-calculator/,26,splitting bills based on income calculator,0,4,0.0,84.0
split-expense-calculator,https://you-owe-me.com/tools/split-expense-calculator/,27,si,0,3,0.0,1.67
split-expense-calculator,https://you-owe-me.com/tools/split-expense-calculator/,28,"if eight people share $1326, how much does each person receive?",0,3,0.0,3.67
split-expense-calculator,https://you-owe-me.com/tools/split-expense-calculator/,29,couple money split calculator,0,3,0.0,9.67
split-expense-calculator,https://you-owe-me.com/tools/split-expense-calculator/,30,i owe you app,0,3,0.0,11.0
split-expense-calculator,https://you-owe-me.com/tools/split-expense-calculator/,31,how to calculate who owes what,0,3,0.0,12.33
split-expense-calculator,https://you-owe-me.com/tools/split-expense-calculator/,32,expense split calculator,0,3,0.0,61.0
split-expense-calculator,https://you-owe-me.com/tools/split-expense-calculator/,33,split payment calculator,0,3,0.0,61.0
split-expense-calculator,https://you-owe-me.com/tools/split-expense-calculator/,34,split money calculator,0,3,0.0,62.33
split-expense-calculator,https://you-owe-me.com/tools/split-expense-calculator/,35,split cost calculator,0,3,0.0,64.0
split-expense-calculator,https://you-owe-me.com/tools/split-expense-calculator/,36,split expenses,0,3,0.0,75.33
split-expense-calculator,https://you-owe-me.com/tools/split-expense-calculator/,37,youoweme,0,2,0.0,2.0
split-expense-calculator,https://you-owe-me.com/tools/split-expense-calculator/,38,owe app,0,2,0.0,3.5
split-expense-calculator,https://you-owe-me.com/tools/split-expense-calculator/,39,"""split product 90% vs / 10% xo"" ""cu net estimé""",0,2,0.0,5.5
split-expense-calculator,https://you-owe-me.com/tools/split-expense-calculator/,40,"four friends went out for ice cream. if the total cost of the ice cream was 
$26, and they split the cost, how much did each person pay?",0,2,0.0,5.5
split-expense-calculator,https://you-owe-me.com/tools/split-expense-calculator/,41,fair share calculator,0,2,0.0,6.5
split-expense-calculator,https://you-owe-me.com/tools/split-expense-calculator/,42,ja,0,2,0.0,6.5
split-expense-calculator,https://you-owe-me.com/tools/split-expense-calculator/,43,split calculator,0,2,0.0,8.5
split-expense-calculator,https://you-owe-me.com/tools/split-expense-calculator/,44,who pays whom how much,0,2,0.0,9.5
split-expense-calculator,https://you-owe-me.com/tools/split-expense-calculator/,45,who owes who what,0,2,0.0,20.5
split-expense-calculator,https://you-owe-me.com/tools/split-expense-calculator/,46,split expense,0,2,0.0,41.5
split-expense-calculator,https://you-owe-me.com/tools/split-expense-calculator/,47,splitting money calculator,0,2,0.0,59.5
split-expense-calculator,https://you-owe-me.com/tools/split-expense-calculator/,48,split pay calculator,0,2,0.0,63.0
split-expense-calculator,https://you-owe-me.com/tools/split-expense-calculator/,49,splitting bills calculator,0,2,0.0,63.5
split-expense-calculator,https://you-owe-me.com/tools/split-expense-calculator/,50,cost splitting calculator,0,2,0.0,65.0
split-expense-calculator,https://you-owe-me.com/tools/split-expense-calculator/,51,cost split calculator,0,2,0.0,66.0
split-expense-calculator,https://you-owe-me.com/tools/split-expense-calculator/,52,online split payment calculator,0,2,0.0,66.5
split-expense-calculator,https://you-owe-me.com/tools/split-expense-calculator/,53,how many expenses can you add in splitwise per day,0,2,0.0,68.0
split-expense-calculator,https://you-owe-me.com/tools/split-expense-calculator/,54,how to divide household expenses,0,2,0.0,75.5
split-expense-calculator,https://you-owe-me.com/tools/split-expense-calculator/,55,expense sharing calculator,0,2,0.0,76.0
split-expense-calculator,https://you-owe-me.com/tools/split-expense-calculator/,56,group expense calculator,0,2,0.0,87.5
split-expense-calculator,https://you-owe-me.com/tools/split-expense-calculator/,57,$230,0,1,0.0,1.0
split-expense-calculator,https://you-owe-me.com/tools/split-expense-calculator/,58,1/3 / 2,0,1,0.0,1.0
split-expense-calculator,https://you-owe-me.com/tools/split-expense-calculator/,59,50/50,0,1,0.0,1.0
split-expense-calculator,https://you-owe-me.com/tools/split-expense-calculator/,60,8,0,1,0.0,1.0
split-expense-calculator,https://you-owe-me.com/tools/split-expense-calculator/,61,900zl,0,1,0.0,1.0
split-expense-calculator,https://you-owe-me.com/tools/split-expense-calculator/,62,98?,0,1,0.0,1.0
split-expense-calculator,https://you-owe-me.com/tools/split-expense-calculator/,63,how much each person,0,1,0.0,1.0
split-expense-calculator,https://you-owe-me.com/tools/split-expense-calculator/,64,pay beck,0,1,0.0,1.0
split-expense-calculator,https://you-owe-me.com/tools/split-expense-calculator/,65,split 50 50,0,1,0.0,1.0
split-expense-calculator,https://you-owe-me.com/tools/split-expense-calculator/,66,split the cost,0,1,0.0,1.0
split-expense-calculator,https://you-owe-me.com/tools/split-expense-calculator/,67,я заказала,0,1,0.0,1.0
split-expense-calculator,https://you-owe-me.com/tools/split-expense-calculator/,68,2,0,1,0.0,2.0
split-expense-calculator,https://you-owe-me.com/tools/split-expense-calculator/,69,48,0,1,0.0,2.0
split-expense-calculator,https://you-owe-me.com/tools/split-expense-calculator/,70,6 personas,0,1,0.0,2.0
split-expense-calculator,https://you-owe-me.com/tools/split-expense-calculator/,71,both,0,1,0.0,2.0
split-expense-calculator,https://you-owe-me.com/tools/split-expense-calculator/,72,help me,0,1,0.0,2.0
split-expense-calculator,https://you-owe-me.com/tools/split-expense-calculator/,73,ja til begge ting,0,1,0.0,2.0
split-expense-calculator,https://you-owe-me.com/tools/split-expense-calculator/,74,for 3 lines,0,1,0.0,4.0
split-expense-calculator,https://you-owe-me.com/tools/split-expense-calculator/,75,who pay who,0,1,0.0,5.0
split-expense-calculator,https://you-owe-me.com/tools/split-expense-calculator/,76,"""need a better way to track expenses"" -site:reddit.com -site:twitter.com 
-site:x.com -site:wykop.pl -site:tripadvisor.com -site:youtube.com 
-site:yelp.com -site:booking.com -site:facebook.com -site:instagram.com 
-site:tiktok.com",0,1,0.0,6.0
split-expense-calculator,https://you-owe-me.com/tools/split-expense-calculator/,77,how to split 350 between 2 people,0,1,0.0,8.0
split-expense-calculator,https://you-owe-me.com/tools/split-expense-calculator/,78,"three people earned a total of $12,705 working together last week how much 
should each person receive if they divide the money equally",0,1,0.0,9.0
split-expense-calculator,https://you-owe-me.com/tools/split-expense-calculator/,79,who owes who what calculator,0,1,0.0,10.0
split-expense-calculator,https://you-owe-me.com/tools/split-expense-calculator/,80,who paid,0,1,0.0,10.0
split-expense-calculator,https://you-owe-me.com/tools/split-expense-calculator/,81,yeah,0,1,0.0,10.0
split-expense-calculator,https://you-owe-me.com/tools/split-expense-calculator/,82,"""table esf-1.—balances as of july 1, 2001, and sept. 30, 2001""",0,1,0.0,11.0
split-expense-calculator,https://you-owe-me.com/tools/split-expense-calculator/,83,who owes,0,1,0.0,11.0
split-expense-calculator,https://you-owe-me.com/tools/split-expense-calculator/,84,work out who owes what calculator,0,1,0.0,39.0
split-expense-calculator,https://you-owe-me.com/tools/split-expense-calculator/,85,expense split,0,1,0.0,47.0
split-expense-calculator,https://you-owe-me.com/tools/split-expense-calculator/,86,expense splitter calculator,0,1,0.0,57.0
split-expense-calculator,https://you-owe-me.com/tools/split-expense-calculator/,87,household bill split calculator,0,1,0.0,58.0
split-expense-calculator,https://you-owe-me.com/tools/split-expense-calculator/,88,split calculator money,0,1,0.0,60.0
split-expense-calculator,https://you-owe-me.com/tools/split-expense-calculator/,89,money splitting calculator,0,1,0.0,63.0
split-expense-calculator,https://you-owe-me.com/tools/split-expense-calculator/,90,group expenses calculator,0,1,0.0,64.0
split-expense-calculator,https://you-owe-me.com/tools/split-expense-calculator/,91,shared expenses calculator,0,1,0.0,64.0
split-expense-calculator,https://you-owe-me.com/tools/split-expense-calculator/,92,splitting cost calculator,0,1,0.0,65.0
split-expense-calculator,https://you-owe-me.com/tools/split-expense-calculator/,93,split payments calculator,0,1,0.0,66.0
split-expense-calculator,https://you-owe-me.com/tools/split-expense-calculator/,94,who pays what,0,1,0.0,68.0
split-expense-calculator,https://you-owe-me.com/tools/split-expense-calculator/,95,best expense tracker app,0,1,0.0,82.0
split-expense-calculator,https://you-owe-me.com/tools/split-expense-calculator/,96,calculate group expenses,0,1,0.0,82.0
split-expense-calculator,https://you-owe-me.com/tools/split-expense-calculator/,97,split expenses calculator online,0,1,0.0,82.0
split-expense-calculator,https://you-owe-me.com/tools/split-expense-calculator/,98,expense splitting calculator,0,1,0.0,84.0
