page_slug,page_url,Date,Clicks,Impressions,CTR,Position
app-to-track-money-owed,https://you-owe-me.com/solutions/app-to-track-money-owed/,2026-05-08,0,12,0.0,10.8
app-to-track-money-owed,https://you-owe-me.com/solutions/app-to-track-money-owed/,2026-05-09,1,13,0.0769,15.5
app-to-track-money-owed,https://you-owe-me.com/solutions/app-to-track-money-owed/,2026-05-10,0,9,0.0,16.9
app-to-track-money-owed,https://you-owe-me.com/solutions/app-to-track-money-owed/,2026-05-11,0,23,0.0,16.8
app-to-track-money-owed,https://you-owe-me.com/solutions/app-to-track-money-owed/,2026-05-12,0,11,0.0,26.8
app-to-track-money-owed,https://you-owe-me.com/solutions/app-to-track-money-owed/,2026-05-13,0,11,0.0,16.2
app-to-track-money-owed,https://you-owe-me.com/solutions/app-to-track-money-owed/,2026-05-14,0,17,0.0,10.4
app-to-track-money-owed,https://you-owe-me.com/solutions/app-to-track-money-owed/,2026-05-15,0,10,0.0,11.9
app-to-track-money-owed,https://you-owe-me.com/solutions/app-to-track-money-owed/,2026-05-16,0,14,0.0,11.5
app-to-track-money-owed,https://you-owe-me.com/solutions/app-to-track-money-owed/,2026-05-17,0,18,0.0,9.2
app-to-track-money-owed,https://you-owe-me.com/solutions/app-to-track-money-owed/,2026-05-18,0,9,0.0,7.9
app-to-track-money-owed,https://you-owe-me.com/solutions/app-to-track-money-owed/,2026-05-19,0,7,0.0,14.0
app-to-track-money-owed,https://you-owe-me.com/solutions/app-to-track-money-owed/,2026-05-20,1,11,0.0909,8.5
app-to-track-money-owed,https://you-owe-me.com/solutions/app-to-track-money-owed/,2026-05-21,0,3,0.0,20.0
app-to-track-money-owed,https://you-owe-me.com/solutions/app-to-track-money-owed/,2026-05-22,0,9,0.0,10.8
app-to-track-money-owed,https://you-owe-me.com/solutions/app-to-track-money-owed/,2026-05-23,0,7,0.0,20.0
app-to-track-money-owed,https://you-owe-me.com/solutions/app-to-track-money-owed/,2026-05-24,0,64,0.0,10.1
app-to-track-money-owed,https://you-owe-me.com/solutions/app-to-track-money-owed/,2026-05-25,0,8,0.0,10.9
app-to-track-money-owed,https://you-owe-me.com/solutions/app-to-track-money-owed/,2026-05-26,0,13,0.0,6.2
app-to-track-money-owed,https://you-owe-me.com/solutions/app-to-track-money-owed/,2026-05-27,1,10,0.1,7.8
app-to-track-money-owed,https://you-owe-me.com/solutions/app-to-track-money-owed/,2026-05-28,0,9,0.0,8.2
app-to-track-money-owed,https://you-owe-me.com/solutions/app-to-track-money-owed/,2026-05-29,0,15,0.0,7.3
app-to-track-money-owed,https://you-owe-me.com/solutions/app-to-track-money-owed/,2026-05-30,0,37,0.0,6.8
app-to-track-money-owed,https://you-owe-me.com/solutions/app-to-track-money-owed/,2026-05-31,0,26,0.0,7.0
app-to-track-money-owed,https://you-owe-me.com/solutions/app-to-track-money-owed/,2026-06-01,0,31,0.0,7.8
app-to-track-money-owed,https://you-owe-me.com/solutions/app-to-track-money-owed/,2026-06-02,0,32,0.0,6.9
app-to-track-money-owed,https://you-owe-me.com/solutions/app-to-track-money-owed/,2026-06-03,0,18,0.0,7.8
app-to-track-money-owed,https://you-owe-me.com/solutions/app-to-track-money-owed/,2026-06-04,0,33,0.0,8.3
app-to-track-money-owed,https://you-owe-me.com/solutions/app-to-track-money-owed/,2026-06-05,0,71,0.0,6.6
app-to-track-money-owed,https://you-owe-me.com/solutions/app-to-track-money-owed/,2026-06-06,0,43,0.0,8.3
app-to-track-money-owed,https://you-owe-me.com/solutions/app-to-track-money-owed/,2026-06-07,1,89,0.0112,7.2
app-to-track-money-owed,https://you-owe-me.com/solutions/app-to-track-money-owed/,2026-06-08,0,63,0.0,6.9
app-to-track-money-owed,https://you-owe-me.com/solutions/app-to-track-money-owed/,2026-06-09,4,122,0.0328,6.6
app-to-track-money-owed,https://you-owe-me.com/solutions/app-to-track-money-owed/,2026-06-10,1,73,0.0137,7.3
app-to-track-money-owed,https://you-owe-me.com/solutions/app-to-track-money-owed/,2026-06-11,0,69,0.0,8.1
app-to-track-money-owed,https://you-owe-me.com/solutions/app-to-track-money-owed/,2026-06-12,1,73,0.0137,6.6
app-to-track-money-owed,https://you-owe-me.com/solutions/app-to-track-money-owed/,2026-06-13,0,68,0.0,7.7
app-to-track-money-owed,https://you-owe-me.com/solutions/app-to-track-money-owed/,2026-06-14,2,59,0.0339,6.0
app-to-track-money-owed,https://you-owe-me.com/solutions/app-to-track-money-owed/,2026-06-15,0,116,0.0,6.2
app-to-track-money-owed,https://you-owe-me.com/solutions/app-to-track-money-owed/,2026-06-16,2,128,0.0156,6.6
app-to-track-money-owed,https://you-owe-me.com/solutions/app-to-track-money-owed/,2026-06-17,1,80,0.0125,6.2
app-to-track-money-owed,https://you-owe-me.com/solutions/app-to-track-money-owed/,2026-06-18,1,89,0.0112,7.3
app-to-track-money-owed,https://you-owe-me.com/solutions/app-to-track-money-owed/,2026-06-19,4,89,0.0449,6.8
app-to-track-money-owed,https://you-owe-me.com/solutions/app-to-track-money-owed/,2026-06-20,0,60,0.0,6.7
app-to-track-money-owed,https://you-owe-me.com/solutions/app-to-track-money-owed/,2026-06-21,1,47,0.0213,7.7
app-to-track-money-owed,https://you-owe-me.com/solutions/app-to-track-money-owed/,2026-06-22,3,46,0.0652,8.6
app-to-track-money-owed,https://you-owe-me.com/solutions/app-to-track-money-owed/,2026-06-23,0,35,0.0,9.3
app-to-track-money-owed,https://you-owe-me.com/solutions/app-to-track-money-owed/,2026-06-24,3,56,0.0536,9.5
app-to-track-money-owed,https://you-owe-me.com/solutions/app-to-track-money-owed/,2026-06-25,4,77,0.0519,9.2
app-to-track-money-owed,https://you-owe-me.com/solutions/app-to-track-money-owed/,2026-06-26,1,99,0.0101,8.1
app-to-track-money-owed,https://you-owe-me.com/solutions/app-to-track-money-owed/,2026-06-27,0,81,0.0,7.7
app-to-track-money-owed,https://you-owe-me.com/solutions/app-to-track-money-owed/,2026-06-28,1,66,0.0152,6.5
app-to-track-money-owed,https://you-owe-me.com/solutions/app-to-track-money-owed/,2026-06-29,2,70,0.0286,7.0
app-to-track-money-owed,https://you-owe-me.com/solutions/app-to-track-money-owed/,2026-06-30,1,83,0.012,7.3
app-to-track-money-owed,https://you-owe-me.com/solutions/app-to-track-money-owed/,2026-07-01,4,76,0.0526,6.5
app-to-track-money-owed,https://you-owe-me.com/solutions/app-to-track-money-owed/,2026-07-02,1,76,0.0132,8.4
app-to-track-money-owed,https://you-owe-me.com/solutions/app-to-track-money-owed/,2026-07-03,1,68,0.0147,6.4
app-to-track-money-owed,https://you-owe-me.com/solutions/app-to-track-money-owed/,2026-07-04,2,62,0.0323,6.3
app-to-track-money-owed,https://you-owe-me.com/solutions/app-to-track-money-owed/,2026-07-05,2,47,0.0426,5.7
app-to-track-money-owed,https://you-owe-me.com/solutions/app-to-track-money-owed/,2026-07-06,0,69,0.0,8.3
app-to-track-money-owed,https://you-owe-me.com/solutions/app-to-track-money-owed/,2026-07-07,1,71,0.0141,6.0
app-to-track-money-owed,https://you-owe-me.com/solutions/app-to-track-money-owed/,2026-07-08,3,58,0.0517,6.9
app-to-track-money-owed,https://you-owe-me.com/solutions/app-to-track-money-owed/,2026-07-09,1,69,0.0145,7.8
app-to-track-money-owed,https://you-owe-me.com/solutions/app-to-track-money-owed/,2026-07-10,2,88,0.0227,7.8
app-to-track-money-owed,https://you-owe-me.com/solutions/app-to-track-money-owed/,2026-07-11,1,137,0.0073,6.8
app-to-track-money-owed,https://you-owe-me.com/solutions/app-to-track-money-owed/,2026-07-12,1,114,0.0088,6.4
app-to-track-money-owed,https://you-owe-me.com/solutions/app-to-track-money-owed/,2026-07-13,1,89,0.0112,7.9
app-to-track-money-owed,https://you-owe-me.com/solutions/app-to-track-money-owed/,2026-07-14,3,95,0.0316,8.5
app-to-track-money-owed,https://you-owe-me.com/solutions/app-to-track-money-owed/,2026-07-15,2,94,0.0213,7.4
app-to-track-money-owed,https://you-owe-me.com/solutions/app-to-track-money-owed/,2026-07-16,1,68,0.0147,10.1
app-to-track-money-owed,https://you-owe-me.com/solutions/app-to-track-money-owed/,2026-07-17,2,86,0.0233,9.6
app-to-track-money-owed,https://you-owe-me.com/solutions/app-to-track-money-owed/,2026-07-18,2,93,0.0215,6.9
app-to-track-money-owed,https://you-owe-me.com/solutions/app-to-track-money-owed/,2026-07-19,1,51,0.0196,7.4
app-to-track-money-owed,https://you-owe-me.com/solutions/app-to-track-money-owed/,2026-07-20,1,75,0.0133,8.3
app-to-track-money-owed,https://you-owe-me.com/solutions/app-to-track-money-owed/,2026-07-21,1,62,0.0161,6.6
app-to-track-money-owed,https://you-owe-me.com/solutions/app-to-track-money-owed/,2026-07-22,2,77,0.026,7.0
app-to-track-money-owed,https://you-owe-me.com/solutions/app-to-track-money-owed/,2026-07-23,2,68,0.0294,8.0
app-to-track-money-owed,https://you-owe-me.com/solutions/app-to-track-money-owed/,2026-07-24,3,106,0.0283,7.5
app-to-track-money-owed,https://you-owe-me.com/solutions/app-to-track-money-owed/,2026-07-25,3,115,0.0261,7.7
app-to-track-money-owed,https://you-owe-me.com/solutions/app-to-track-money-owed/,2026-07-26,3,99,0.0303,11.4
app-to-track-money-owed,https://you-owe-me.com/solutions/app-to-track-money-owed/,2026-07-27,2,113,0.0177,10.4
app-to-track-money-owed,https://you-owe-me.com/solutions/app-to-track-money-owed/,2026-07-28,1,119,0.0084,6.8
app-to-track-money-owed,https://you-owe-me.com/solutions/app-to-track-money-owed/,2026-07-29,2,154,0.013,7.7
app-to-track-money-owed,https://you-owe-me.com/solutions/app-to-track-money-owed/,2026-07-30,3,123,0.0244,7.0
app-to-track-money-owed,https://you-owe-me.com/solutions/app-to-track-money-owed/,2026-07-31,2,69,0.029,7.3
app-to-track-money-owed,https://you-owe-me.com/solutions/app-to-track-money-owed/,2026-08-01,1,97,0.0103,7.3
app-to-track-money-owed,https://you-owe-me.com/solutions/app-to-track-money-owed/,2026-08-02,1,85,0.0118,6.6
app-to-track-money-owed,https://you-owe-me.com/solutions/app-to-track-money-owed/,2026-08-03,2,62,0.0323,8.5
app-to-track-money-owed,https://you-owe-me.com/solutions/app-to-track-money-owed/,2026-08-04,0,80,0.0,7.2
app-to-track-money-owed,https://you-owe-me.com/solutions/app-to-track-money-owed/,2026-08-05,3,88,0.0341,7.3
app-to-track-money-owed,https://you-owe-me.com/solutions/app-to-track-money-owed/,2026-08-06,0,117,0.0,8.4
app-to-track-money-owed,https://you-owe-me.com/solutions/app-to-track-money-owed/,2026-08-07,2,85,0.0235,7.1
borrow-money-from-friend,https://you-owe-me.com/blog/how-to-ask-to-borrow-money-from-a-friend-without-making-it-awkward/,2026-05-08,0,0,,
borrow-money-from-friend,https://you-owe-me.com/blog/how-to-ask-to-borrow-money-from-a-friend-without-making-it-awkward/,2026-05-09,0,0,,
borrow-money-from-friend,https://you-owe-me.com/blog/how-to-ask-to-borrow-money-from-a-friend-without-making-it-awkward/,2026-05-10,0,0,,
borrow-money-from-friend,https://you-owe-me.com/blog/how-to-ask-to-borrow-money-from-a-friend-without-making-it-awkward/,2026-05-11,0,0,,
borrow-money-from-friend,https://you-owe-me.com/blog/how-to-ask-to-borrow-money-from-a-friend-without-making-it-awkward/,2026-05-12,0,0,,
borrow-money-from-friend,https://you-owe-me.com/blog/how-to-ask-to-borrow-money-from-a-friend-without-making-it-awkward/,2026-05-13,0,0,,
borrow-money-from-friend,https://you-owe-me.com/blog/how-to-ask-to-borrow-money-from-a-friend-without-making-it-awkward/,2026-05-14,0,0,,
borrow-money-from-friend,https://you-owe-me.com/blog/how-to-ask-to-borrow-money-from-a-friend-without-making-it-awkward/,2026-05-15,0,0,,
borrow-money-from-friend,https://you-owe-me.com/blog/how-to-ask-to-borrow-money-from-a-friend-without-making-it-awkward/,2026-05-16,0,0,,
borrow-money-from-friend,https://you-owe-me.com/blog/how-to-ask-to-borrow-money-from-a-friend-without-making-it-awkward/,2026-05-17,0,0,,
borrow-money-from-friend,https://you-owe-me.com/blog/how-to-ask-to-borrow-money-from-a-friend-without-making-it-awkward/,2026-05-18,0,0,,
borrow-money-from-friend,https://you-owe-me.com/blog/how-to-ask-to-borrow-money-from-a-friend-without-making-it-awkward/,2026-05-19,0,0,,
borrow-money-from-friend,https://you-owe-me.com/blog/how-to-ask-to-borrow-money-from-a-friend-without-making-it-awkward/,2026-05-20,0,0,,
borrow-money-from-friend,https://you-owe-me.com/blog/how-to-ask-to-borrow-money-from-a-friend-without-making-it-awkward/,2026-05-21,0,0,,
borrow-money-from-friend,https://you-owe-me.com/blog/how-to-ask-to-borrow-money-from-a-friend-without-making-it-awkward/,2026-05-22,0,0,,
borrow-money-from-friend,https://you-owe-me.com/blog/how-to-ask-to-borrow-money-from-a-friend-without-making-it-awkward/,2026-05-23,0,0,,
borrow-money-from-friend,https://you-owe-me.com/blog/how-to-ask-to-borrow-money-from-a-friend-without-making-it-awkward/,2026-05-24,0,0,,
borrow-money-from-friend,https://you-owe-me.com/blog/how-to-ask-to-borrow-money-from-a-friend-without-making-it-awkward/,2026-05-25,0,0,,
borrow-money-from-friend,https://you-owe-me.com/blog/how-to-ask-to-borrow-money-from-a-friend-without-making-it-awkward/,2026-05-26,0,0,,
borrow-money-from-friend,https://you-owe-me.com/blog/how-to-ask-to-borrow-money-from-a-friend-without-making-it-awkward/,2026-05-27,0,0,,
borrow-money-from-friend,https://you-owe-me.com/blog/how-to-ask-to-borrow-money-from-a-friend-without-making-it-awkward/,2026-05-28,0,0,,
borrow-money-from-friend,https://you-owe-me.com/blog/how-to-ask-to-borrow-money-from-a-friend-without-making-it-awkward/,2026-05-29,0,0,,
borrow-money-from-friend,https://you-owe-me.com/blog/how-to-ask-to-borrow-money-from-a-friend-without-making-it-awkward/,2026-05-30,0,0,,
borrow-money-from-friend,https://you-owe-me.com/blog/how-to-ask-to-borrow-money-from-a-friend-without-making-it-awkward/,2026-05-31,0,0,,
borrow-money-from-friend,https://you-owe-me.com/blog/how-to-ask-to-borrow-money-from-a-friend-without-making-it-awkward/,2026-06-01,0,0,,
borrow-money-from-friend,https://you-owe-me.com/blog/how-to-ask-to-borrow-money-from-a-friend-without-making-it-awkward/,2026-06-02,0,0,,
borrow-money-from-friend,https://you-owe-me.com/blog/how-to-ask-to-borrow-money-from-a-friend-without-making-it-awkward/,2026-06-03,0,0,,
borrow-money-from-friend,https://you-owe-me.com/blog/how-to-ask-to-borrow-money-from-a-friend-without-making-it-awkward/,2026-06-04,0,0,,
borrow-money-from-friend,https://you-owe-me.com/blog/how-to-ask-to-borrow-money-from-a-friend-without-making-it-awkward/,2026-06-05,0,0,,
borrow-money-from-friend,https://you-owe-me.com/blog/how-to-ask-to-borrow-money-from-a-friend-without-making-it-awkward/,2026-06-06,0,0,,
borrow-money-from-friend,https://you-owe-me.com/blog/how-to-ask-to-borrow-money-from-a-friend-without-making-it-awkward/,2026-06-07,0,0,,
borrow-money-from-friend,https://you-owe-me.com/blog/how-to-ask-to-borrow-money-from-a-friend-without-making-it-awkward/,2026-06-08,0,0,,
borrow-money-from-friend,https://you-owe-me.com/blog/how-to-ask-to-borrow-money-from-a-friend-without-making-it-awkward/,2026-06-09,0,0,,
borrow-money-from-friend,https://you-owe-me.com/blog/how-to-ask-to-borrow-money-from-a-friend-without-making-it-awkward/,2026-06-10,0,0,,
borrow-money-from-friend,https://you-owe-me.com/blog/how-to-ask-to-borrow-money-from-a-friend-without-making-it-awkward/,2026-06-11,0,0,,
borrow-money-from-friend,https://you-owe-me.com/blog/how-to-ask-to-borrow-money-from-a-friend-without-making-it-awkward/,2026-06-12,0,0,,
borrow-money-from-friend,https://you-owe-me.com/blog/how-to-ask-to-borrow-money-from-a-friend-without-making-it-awkward/,2026-06-13,0,0,,
borrow-money-from-friend,https://you-owe-me.com/blog/how-to-ask-to-borrow-money-from-a-friend-without-making-it-awkward/,2026-06-14,0,0,,
borrow-money-from-friend,https://you-owe-me.com/blog/how-to-ask-to-borrow-money-from-a-friend-without-making-it-awkward/,2026-06-15,0,0,,
borrow-money-from-friend,https://you-owe-me.com/blog/how-to-ask-to-borrow-money-from-a-friend-without-making-it-awkward/,2026-06-16,0,0,,
borrow-money-from-friend,https://you-owe-me.com/blog/how-to-ask-to-borrow-money-from-a-friend-without-making-it-awkward/,2026-06-17,0,0,,
borrow-money-from-friend,https://you-owe-me.com/blog/how-to-ask-to-borrow-money-from-a-friend-without-making-it-awkward/,2026-06-18,0,0,,
borrow-money-from-friend,https://you-owe-me.com/blog/how-to-ask-to-borrow-money-from-a-friend-without-making-it-awkward/,2026-06-19,0,0,,
borrow-money-from-friend,https://you-owe-me.com/blog/how-to-ask-to-borrow-money-from-a-friend-without-making-it-awkward/,2026-06-20,0,0,,
borrow-money-from-friend,https://you-owe-me.com/blog/how-to-ask-to-borrow-money-from-a-friend-without-making-it-awkward/,2026-06-21,0,0,,
borrow-money-from-friend,https://you-owe-me.com/blog/how-to-ask-to-borrow-money-from-a-friend-without-making-it-awkward/,2026-06-22,0,0,,
borrow-money-from-friend,https://you-owe-me.com/blog/how-to-ask-to-borrow-money-from-a-friend-without-making-it-awkward/,2026-06-23,0,0,,
borrow-money-from-friend,https://you-owe-me.com/blog/how-to-ask-to-borrow-money-from-a-friend-without-making-it-awkward/,2026-06-24,0,0,,
borrow-money-from-friend,https://you-owe-me.com/blog/how-to-ask-to-borrow-money-from-a-friend-without-making-it-awkward/,2026-06-25,0,0,,
borrow-money-from-friend,https://you-owe-me.com/blog/how-to-ask-to-borrow-money-from-a-friend-without-making-it-awkward/,2026-06-26,0,0,,
borrow-money-from-friend,https://you-owe-me.com/blog/how-to-ask-to-borrow-money-from-a-friend-without-making-it-awkward/,2026-06-27,0,0,,
borrow-money-from-friend,https://you-owe-me.com/blog/how-to-ask-to-borrow-money-from-a-friend-without-making-it-awkward/,2026-06-28,0,0,,
borrow-money-from-friend,https://you-owe-me.com/blog/how-to-ask-to-borrow-money-from-a-friend-without-making-it-awkward/,2026-06-29,0,0,,
borrow-money-from-friend,https://you-owe-me.com/blog/how-to-ask-to-borrow-money-from-a-friend-without-making-it-awkward/,2026-06-30,0,0,,
borrow-money-from-friend,https://you-owe-me.com/blog/how-to-ask-to-borrow-money-from-a-friend-without-making-it-awkward/,2026-07-01,0,0,,
borrow-money-from-friend,https://you-owe-me.com/blog/how-to-ask-to-borrow-money-from-a-friend-without-making-it-awkward/,2026-07-02,0,0,,
borrow-money-from-friend,https://you-owe-me.com/blog/how-to-ask-to-borrow-money-from-a-friend-without-making-it-awkward/,2026-07-03,0,0,,
borrow-money-from-friend,https://you-owe-me.com/blog/how-to-ask-to-borrow-money-from-a-friend-without-making-it-awkward/,2026-07-04,0,0,,
borrow-money-from-friend,https://you-owe-me.com/blog/how-to-ask-to-borrow-money-from-a-friend-without-making-it-awkward/,2026-07-05,0,0,,
borrow-money-from-friend,https://you-owe-me.com/blog/how-to-ask-to-borrow-money-from-a-friend-without-making-it-awkward/,2026-07-06,0,0,,
borrow-money-from-friend,https://you-owe-me.com/blog/how-to-ask-to-borrow-money-from-a-friend-without-making-it-awkward/,2026-07-07,0,0,,
borrow-money-from-friend,https://you-owe-me.com/blog/how-to-ask-to-borrow-money-from-a-friend-without-making-it-awkward/,2026-07-08,0,15,0.0,7.0
borrow-money-from-friend,https://you-owe-me.com/blog/how-to-ask-to-borrow-money-from-a-friend-without-making-it-awkward/,2026-07-09,1,45,0.0222,6.1
borrow-money-from-friend,https://you-owe-me.com/blog/how-to-ask-to-borrow-money-from-a-friend-without-making-it-awkward/,2026-07-10,0,66,0.0,8.1
borrow-money-from-friend,https://you-owe-me.com/blog/how-to-ask-to-borrow-money-from-a-friend-without-making-it-awkward/,2026-07-11,0,50,0.0,8.6
borrow-money-from-friend,https://you-owe-me.com/blog/how-to-ask-to-borrow-money-from-a-friend-without-making-it-awkward/,2026-07-12,3,55,0.0545,7.1
borrow-money-from-friend,https://you-owe-me.com/blog/how-to-ask-to-borrow-money-from-a-friend-without-making-it-awkward/,2026-07-13,0,71,0.0,6.7
borrow-money-from-friend,https://you-owe-me.com/blog/how-to-ask-to-borrow-money-from-a-friend-without-making-it-awkward/,2026-07-14,1,64,0.0156,8.4
borrow-money-from-friend,https://you-owe-me.com/blog/how-to-ask-to-borrow-money-from-a-friend-without-making-it-awkward/,2026-07-15,0,68,0.0,7.3
borrow-money-from-friend,https://you-owe-me.com/blog/how-to-ask-to-borrow-money-from-a-friend-without-making-it-awkward/,2026-07-16,0,25,0.0,9.2
borrow-money-from-friend,https://you-owe-me.com/blog/how-to-ask-to-borrow-money-from-a-friend-without-making-it-awkward/,2026-07-17,0,2,0.0,2.0
borrow-money-from-friend,https://you-owe-me.com/blog/how-to-ask-to-borrow-money-from-a-friend-without-making-it-awkward/,2026-07-18,0,0,,
borrow-money-from-friend,https://you-owe-me.com/blog/how-to-ask-to-borrow-money-from-a-friend-without-making-it-awkward/,2026-07-19,0,0,,
borrow-money-from-friend,https://you-owe-me.com/blog/how-to-ask-to-borrow-money-from-a-friend-without-making-it-awkward/,2026-07-20,0,8,0.0,8.0
borrow-money-from-friend,https://you-owe-me.com/blog/how-to-ask-to-borrow-money-from-a-friend-without-making-it-awkward/,2026-07-21,0,14,0.0,7.4
borrow-money-from-friend,https://you-owe-me.com/blog/how-to-ask-to-borrow-money-from-a-friend-without-making-it-awkward/,2026-07-22,0,12,0.0,6.7
borrow-money-from-friend,https://you-owe-me.com/blog/how-to-ask-to-borrow-money-from-a-friend-without-making-it-awkward/,2026-07-23,0,38,0.0,8.6
borrow-money-from-friend,https://you-owe-me.com/blog/how-to-ask-to-borrow-money-from-a-friend-without-making-it-awkward/,2026-07-24,3,51,0.0588,8.5
borrow-money-from-friend,https://you-owe-me.com/blog/how-to-ask-to-borrow-money-from-a-friend-without-making-it-awkward/,2026-07-25,0,46,0.0,8.4
borrow-money-from-friend,https://you-owe-me.com/blog/how-to-ask-to-borrow-money-from-a-friend-without-making-it-awkward/,2026-07-26,0,67,0.0,8.2
borrow-money-from-friend,https://you-owe-me.com/blog/how-to-ask-to-borrow-money-from-a-friend-without-making-it-awkward/,2026-07-27,1,76,0.0132,8.5
borrow-money-from-friend,https://you-owe-me.com/blog/how-to-ask-to-borrow-money-from-a-friend-without-making-it-awkward/,2026-07-28,0,78,0.0,8.3
borrow-money-from-friend,https://you-owe-me.com/blog/how-to-ask-to-borrow-money-from-a-friend-without-making-it-awkward/,2026-07-29,0,52,0.0,8.6
borrow-money-from-friend,https://you-owe-me.com/blog/how-to-ask-to-borrow-money-from-a-friend-without-making-it-awkward/,2026-07-30,0,67,0.0,8.4
borrow-money-from-friend,https://you-owe-me.com/blog/how-to-ask-to-borrow-money-from-a-friend-without-making-it-awkward/,2026-07-31,0,62,0.0,8.4
borrow-money-from-friend,https://you-owe-me.com/blog/how-to-ask-to-borrow-money-from-a-friend-without-making-it-awkward/,2026-08-01,0,79,0.0,8.0
borrow-money-from-friend,https://you-owe-me.com/blog/how-to-ask-to-borrow-money-from-a-friend-without-making-it-awkward/,2026-08-02,0,51,0.0,8.4
borrow-money-from-friend,https://you-owe-me.com/blog/how-to-ask-to-borrow-money-from-a-friend-without-making-it-awkward/,2026-08-03,1,77,0.013,6.7
borrow-money-from-friend,https://you-owe-me.com/blog/how-to-ask-to-borrow-money-from-a-friend-without-making-it-awkward/,2026-08-04,0,104,0.0,6.7
borrow-money-from-friend,https://you-owe-me.com/blog/how-to-ask-to-borrow-money-from-a-friend-without-making-it-awkward/,2026-08-05,1,91,0.011,6.8
borrow-money-from-friend,https://you-owe-me.com/blog/how-to-ask-to-borrow-money-from-a-friend-without-making-it-awkward/,2026-08-06,2,124,0.0161,7.8
borrow-money-from-friend,https://you-owe-me.com/blog/how-to-ask-to-borrow-money-from-a-friend-without-making-it-awkward/,2026-08-07,0,76,0.0,6.9
confront-money-owed,https://you-owe-me.com/blog/how-do-you-confront-someone-who-owes-you-money-without-ruining-the-relationship/,2026-05-08,0,14,0.0,9.7
confront-money-owed,https://you-owe-me.com/blog/how-do-you-confront-someone-who-owes-you-money-without-ruining-the-relationship/,2026-05-09,0,9,0.0,8.8
confront-money-owed,https://you-owe-me.com/blog/how-do-you-confront-someone-who-owes-you-money-without-ruining-the-relationship/,2026-05-10,0,6,0.0,10.0
confront-money-owed,https://you-owe-me.com/blog/how-do-you-confront-someone-who-owes-you-money-without-ruining-the-relationship/,2026-05-11,0,5,0.0,8.2
confront-money-owed,https://you-owe-me.com/blog/how-do-you-confront-someone-who-owes-you-money-without-ruining-the-relationship/,2026-05-12,0,17,0.0,10.2
confront-money-owed,https://you-owe-me.com/blog/how-do-you-confront-someone-who-owes-you-money-without-ruining-the-relationship/,2026-05-13,0,5,0.0,9.4
confront-money-owed,https://you-owe-me.com/blog/how-do-you-confront-someone-who-owes-you-money-without-ruining-the-relationship/,2026-05-14,0,12,0.0,8.6
confront-money-owed,https://you-owe-me.com/blog/how-do-you-confront-someone-who-owes-you-money-without-ruining-the-relationship/,2026-05-15,0,11,0.0,7.4
confront-money-owed,https://you-owe-me.com/blog/how-do-you-confront-someone-who-owes-you-money-without-ruining-the-relationship/,2026-05-16,0,3,0.0,5.3
confront-money-owed,https://you-owe-me.com/blog/how-do-you-confront-someone-who-owes-you-money-without-ruining-the-relationship/,2026-05-17,0,9,0.0,8.7
confront-money-owed,https://you-owe-me.com/blog/how-do-you-confront-someone-who-owes-you-money-without-ruining-the-relationship/,2026-05-18,0,4,0.0,6.5
confront-money-owed,https://you-owe-me.com/blog/how-do-you-confront-someone-who-owes-you-money-without-ruining-the-relationship/,2026-05-19,0,3,0.0,10.0
confront-money-owed,https://you-owe-me.com/blog/how-do-you-confront-someone-who-owes-you-money-without-ruining-the-relationship/,2026-05-20,0,3,0.0,9.3
confront-money-owed,https://you-owe-me.com/blog/how-do-you-confront-someone-who-owes-you-money-without-ruining-the-relationship/,2026-05-21,0,1,0.0,11.0
confront-money-owed,https://you-owe-me.com/blog/how-do-you-confront-someone-who-owes-you-money-without-ruining-the-relationship/,2026-05-22,0,2,0.0,32.5
confront-money-owed,https://you-owe-me.com/blog/how-do-you-confront-someone-who-owes-you-money-without-ruining-the-relationship/,2026-05-23,0,1,0.0,69.0
confront-money-owed,https://you-owe-me.com/blog/how-do-you-confront-someone-who-owes-you-money-without-ruining-the-relationship/,2026-05-24,0,4,0.0,17.2
confront-money-owed,https://you-owe-me.com/blog/how-do-you-confront-someone-who-owes-you-money-without-ruining-the-relationship/,2026-05-25,0,0,,
confront-money-owed,https://you-owe-me.com/blog/how-do-you-confront-someone-who-owes-you-money-without-ruining-the-relationship/,2026-05-26,0,6,0.0,21.3
confront-money-owed,https://you-owe-me.com/blog/how-do-you-confront-someone-who-owes-you-money-without-ruining-the-relationship/,2026-05-27,0,6,0.0,18.5
confront-money-owed,https://you-owe-me.com/blog/how-do-you-confront-someone-who-owes-you-money-without-ruining-the-relationship/,2026-05-28,0,10,0.0,22.1
confront-money-owed,https://you-owe-me.com/blog/how-do-you-confront-someone-who-owes-you-money-without-ruining-the-relationship/,2026-05-29,0,6,0.0,10.8
confront-money-owed,https://you-owe-me.com/blog/how-do-you-confront-someone-who-owes-you-money-without-ruining-the-relationship/,2026-05-30,0,9,0.0,12.9
confront-money-owed,https://you-owe-me.com/blog/how-do-you-confront-someone-who-owes-you-money-without-ruining-the-relationship/,2026-05-31,0,6,0.0,8.5
confront-money-owed,https://you-owe-me.com/blog/how-do-you-confront-someone-who-owes-you-money-without-ruining-the-relationship/,2026-06-01,0,9,0.0,8.9
confront-money-owed,https://you-owe-me.com/blog/how-do-you-confront-someone-who-owes-you-money-without-ruining-the-relationship/,2026-06-02,0,8,0.0,8.8
confront-money-owed,https://you-owe-me.com/blog/how-do-you-confront-someone-who-owes-you-money-without-ruining-the-relationship/,2026-06-03,0,9,0.0,6.1
confront-money-owed,https://you-owe-me.com/blog/how-do-you-confront-someone-who-owes-you-money-without-ruining-the-relationship/,2026-06-04,2,21,0.0952,8.0
confront-money-owed,https://you-owe-me.com/blog/how-do-you-confront-someone-who-owes-you-money-without-ruining-the-relationship/,2026-06-05,0,19,0.0,10.2
confront-money-owed,https://you-owe-me.com/blog/how-do-you-confront-someone-who-owes-you-money-without-ruining-the-relationship/,2026-06-06,0,19,0.0,7.3
confront-money-owed,https://you-owe-me.com/blog/how-do-you-confront-someone-who-owes-you-money-without-ruining-the-relationship/,2026-06-07,1,21,0.0476,5.3
confront-money-owed,https://you-owe-me.com/blog/how-do-you-confront-someone-who-owes-you-money-without-ruining-the-relationship/,2026-06-08,0,29,0.0,6.1
confront-money-owed,https://you-owe-me.com/blog/how-do-you-confront-someone-who-owes-you-money-without-ruining-the-relationship/,2026-06-09,0,29,0.0,5.8
confront-money-owed,https://you-owe-me.com/blog/how-do-you-confront-someone-who-owes-you-money-without-ruining-the-relationship/,2026-06-10,0,27,0.0,7.6
confront-money-owed,https://you-owe-me.com/blog/how-do-you-confront-someone-who-owes-you-money-without-ruining-the-relationship/,2026-06-11,0,37,0.0,7.4
confront-money-owed,https://you-owe-me.com/blog/how-do-you-confront-someone-who-owes-you-money-without-ruining-the-relationship/,2026-06-12,1,26,0.0385,6.8
confront-money-owed,https://you-owe-me.com/blog/how-do-you-confront-someone-who-owes-you-money-without-ruining-the-relationship/,2026-06-13,0,20,0.0,5.7
confront-money-owed,https://you-owe-me.com/blog/how-do-you-confront-someone-who-owes-you-money-without-ruining-the-relationship/,2026-06-14,0,23,0.0,5.4
confront-money-owed,https://you-owe-me.com/blog/how-do-you-confront-someone-who-owes-you-money-without-ruining-the-relationship/,2026-06-15,1,34,0.0294,5.5
confront-money-owed,https://you-owe-me.com/blog/how-do-you-confront-someone-who-owes-you-money-without-ruining-the-relationship/,2026-06-16,0,24,0.0,6.8
confront-money-owed,https://you-owe-me.com/blog/how-do-you-confront-someone-who-owes-you-money-without-ruining-the-relationship/,2026-06-17,0,26,0.0,7.9
confront-money-owed,https://you-owe-me.com/blog/how-do-you-confront-someone-who-owes-you-money-without-ruining-the-relationship/,2026-06-18,0,34,0.0,6.4
confront-money-owed,https://you-owe-me.com/blog/how-do-you-confront-someone-who-owes-you-money-without-ruining-the-relationship/,2026-06-19,0,26,0.0,7.2
confront-money-owed,https://you-owe-me.com/blog/how-do-you-confront-someone-who-owes-you-money-without-ruining-the-relationship/,2026-06-20,0,23,0.0,9.7
confront-money-owed,https://you-owe-me.com/blog/how-do-you-confront-someone-who-owes-you-money-without-ruining-the-relationship/,2026-06-21,1,23,0.0435,5.5
confront-money-owed,https://you-owe-me.com/blog/how-do-you-confront-someone-who-owes-you-money-without-ruining-the-relationship/,2026-06-22,0,36,0.0,7.6
confront-money-owed,https://you-owe-me.com/blog/how-do-you-confront-someone-who-owes-you-money-without-ruining-the-relationship/,2026-06-23,0,36,0.0,10.7
confront-money-owed,https://you-owe-me.com/blog/how-do-you-confront-someone-who-owes-you-money-without-ruining-the-relationship/,2026-06-24,0,33,0.0,6.9
confront-money-owed,https://you-owe-me.com/blog/how-do-you-confront-someone-who-owes-you-money-without-ruining-the-relationship/,2026-06-25,0,37,0.0,10.6
confront-money-owed,https://you-owe-me.com/blog/how-do-you-confront-someone-who-owes-you-money-without-ruining-the-relationship/,2026-06-26,1,25,0.04,6.1
confront-money-owed,https://you-owe-me.com/blog/how-do-you-confront-someone-who-owes-you-money-without-ruining-the-relationship/,2026-06-27,0,21,0.0,5.7
confront-money-owed,https://you-owe-me.com/blog/how-do-you-confront-someone-who-owes-you-money-without-ruining-the-relationship/,2026-06-28,0,17,0.0,5.9
confront-money-owed,https://you-owe-me.com/blog/how-do-you-confront-someone-who-owes-you-money-without-ruining-the-relationship/,2026-06-29,0,15,0.0,6.7
confront-money-owed,https://you-owe-me.com/blog/how-do-you-confront-someone-who-owes-you-money-without-ruining-the-relationship/,2026-06-30,0,18,0.0,8.0
confront-money-owed,https://you-owe-me.com/blog/how-do-you-confront-someone-who-owes-you-money-without-ruining-the-relationship/,2026-07-01,0,14,0.0,7.0
confront-money-owed,https://you-owe-me.com/blog/how-do-you-confront-someone-who-owes-you-money-without-ruining-the-relationship/,2026-07-02,0,18,0.0,7.6
confront-money-owed,https://you-owe-me.com/blog/how-do-you-confront-someone-who-owes-you-money-without-ruining-the-relationship/,2026-07-03,0,23,0.0,7.3
confront-money-owed,https://you-owe-me.com/blog/how-do-you-confront-someone-who-owes-you-money-without-ruining-the-relationship/,2026-07-04,0,15,0.0,10.2
confront-money-owed,https://you-owe-me.com/blog/how-do-you-confront-someone-who-owes-you-money-without-ruining-the-relationship/,2026-07-05,0,44,0.0,7.2
confront-money-owed,https://you-owe-me.com/blog/how-do-you-confront-someone-who-owes-you-money-without-ruining-the-relationship/,2026-07-06,0,57,0.0,7.8
confront-money-owed,https://you-owe-me.com/blog/how-do-you-confront-someone-who-owes-you-money-without-ruining-the-relationship/,2026-07-07,0,48,0.0,8.1
confront-money-owed,https://you-owe-me.com/blog/how-do-you-confront-someone-who-owes-you-money-without-ruining-the-relationship/,2026-07-08,0,50,0.0,10.3
confront-money-owed,https://you-owe-me.com/blog/how-do-you-confront-someone-who-owes-you-money-without-ruining-the-relationship/,2026-07-09,0,30,0.0,7.4
confront-money-owed,https://you-owe-me.com/blog/how-do-you-confront-someone-who-owes-you-money-without-ruining-the-relationship/,2026-07-10,0,54,0.0,7.7
confront-money-owed,https://you-owe-me.com/blog/how-do-you-confront-someone-who-owes-you-money-without-ruining-the-relationship/,2026-07-11,0,41,0.0,7.0
confront-money-owed,https://you-owe-me.com/blog/how-do-you-confront-someone-who-owes-you-money-without-ruining-the-relationship/,2026-07-12,0,33,0.0,8.6
confront-money-owed,https://you-owe-me.com/blog/how-do-you-confront-someone-who-owes-you-money-without-ruining-the-relationship/,2026-07-13,0,34,0.0,9.4
confront-money-owed,https://you-owe-me.com/blog/how-do-you-confront-someone-who-owes-you-money-without-ruining-the-relationship/,2026-07-14,0,34,0.0,10.5
confront-money-owed,https://you-owe-me.com/blog/how-do-you-confront-someone-who-owes-you-money-without-ruining-the-relationship/,2026-07-15,0,64,0.0,7.5
confront-money-owed,https://you-owe-me.com/blog/how-do-you-confront-someone-who-owes-you-money-without-ruining-the-relationship/,2026-07-16,0,32,0.0,7.3
confront-money-owed,https://you-owe-me.com/blog/how-do-you-confront-someone-who-owes-you-money-without-ruining-the-relationship/,2026-07-17,0,32,0.0,7.8
confront-money-owed,https://you-owe-me.com/blog/how-do-you-confront-someone-who-owes-you-money-without-ruining-the-relationship/,2026-07-18,0,26,0.0,6.2
confront-money-owed,https://you-owe-me.com/blog/how-do-you-confront-someone-who-owes-you-money-without-ruining-the-relationship/,2026-07-19,0,25,0.0,8.1
confront-money-owed,https://you-owe-me.com/blog/how-do-you-confront-someone-who-owes-you-money-without-ruining-the-relationship/,2026-07-20,0,19,0.0,5.7
confront-money-owed,https://you-owe-me.com/blog/how-do-you-confront-someone-who-owes-you-money-without-ruining-the-relationship/,2026-07-21,0,38,0.0,6.6
confront-money-owed,https://you-owe-me.com/blog/how-do-you-confront-someone-who-owes-you-money-without-ruining-the-relationship/,2026-07-22,0,28,0.0,10.4
confront-money-owed,https://you-owe-me.com/blog/how-do-you-confront-someone-who-owes-you-money-without-ruining-the-relationship/,2026-07-23,0,28,0.0,8.9
confront-money-owed,https://you-owe-me.com/blog/how-do-you-confront-someone-who-owes-you-money-without-ruining-the-relationship/,2026-07-24,0,35,0.0,7.5
confront-money-owed,https://you-owe-me.com/blog/how-do-you-confront-someone-who-owes-you-money-without-ruining-the-relationship/,2026-07-25,0,38,0.0,8.6
confront-money-owed,https://you-owe-me.com/blog/how-do-you-confront-someone-who-owes-you-money-without-ruining-the-relationship/,2026-07-26,0,30,0.0,8.2
confront-money-owed,https://you-owe-me.com/blog/how-do-you-confront-someone-who-owes-you-money-without-ruining-the-relationship/,2026-07-27,0,29,0.0,7.9
confront-money-owed,https://you-owe-me.com/blog/how-do-you-confront-someone-who-owes-you-money-without-ruining-the-relationship/,2026-07-28,0,46,0.0,8.9
confront-money-owed,https://you-owe-me.com/blog/how-do-you-confront-someone-who-owes-you-money-without-ruining-the-relationship/,2026-07-29,0,70,0.0,11.1
confront-money-owed,https://you-owe-me.com/blog/how-do-you-confront-someone-who-owes-you-money-without-ruining-the-relationship/,2026-07-30,0,48,0.0,9.0
confront-money-owed,https://you-owe-me.com/blog/how-do-you-confront-someone-who-owes-you-money-without-ruining-the-relationship/,2026-07-31,1,46,0.0217,7.7
confront-money-owed,https://you-owe-me.com/blog/how-do-you-confront-someone-who-owes-you-money-without-ruining-the-relationship/,2026-08-01,0,32,0.0,8.6
confront-money-owed,https://you-owe-me.com/blog/how-do-you-confront-someone-who-owes-you-money-without-ruining-the-relationship/,2026-08-02,0,38,0.0,6.8
confront-money-owed,https://you-owe-me.com/blog/how-do-you-confront-someone-who-owes-you-money-without-ruining-the-relationship/,2026-08-03,1,58,0.0172,6.9
confront-money-owed,https://you-owe-me.com/blog/how-do-you-confront-someone-who-owes-you-money-without-ruining-the-relationship/,2026-08-04,0,69,0.0,6.9
confront-money-owed,https://you-owe-me.com/blog/how-do-you-confront-someone-who-owes-you-money-without-ruining-the-relationship/,2026-08-05,1,93,0.0108,7.8
confront-money-owed,https://you-owe-me.com/blog/how-do-you-confront-someone-who-owes-you-money-without-ruining-the-relationship/,2026-08-06,1,115,0.0087,9.9
confront-money-owed,https://you-owe-me.com/blog/how-do-you-confront-someone-who-owes-you-money-without-ruining-the-relationship/,2026-08-07,1,60,0.0167,6.7
group-payback-calculator,https://you-owe-me.com/tools/group-payback-calculator/,2026-05-08,0,0,,
group-payback-calculator,https://you-owe-me.com/tools/group-payback-calculator/,2026-05-09,0,0,,
group-payback-calculator,https://you-owe-me.com/tools/group-payback-calculator/,2026-05-10,0,0,,
group-payback-calculator,https://you-owe-me.com/tools/group-payback-calculator/,2026-05-11,0,0,,
group-payback-calculator,https://you-owe-me.com/tools/group-payback-calculator/,2026-05-12,0,0,,
group-payback-calculator,https://you-owe-me.com/tools/group-payback-calculator/,2026-05-13,0,0,,
group-payback-calculator,https://you-owe-me.com/tools/group-payback-calculator/,2026-05-14,0,0,,
group-payback-calculator,https://you-owe-me.com/tools/group-payback-calculator/,2026-05-15,0,0,,
group-payback-calculator,https://you-owe-me.com/tools/group-payback-calculator/,2026-05-16,0,0,,
group-payback-calculator,https://you-owe-me.com/tools/group-payback-calculator/,2026-05-17,0,0,,
group-payback-calculator,https://you-owe-me.com/tools/group-payback-calculator/,2026-05-18,0,0,,
group-payback-calculator,https://you-owe-me.com/tools/group-payback-calculator/,2026-05-19,0,0,,
group-payback-calculator,https://you-owe-me.com/tools/group-payback-calculator/,2026-05-20,0,0,,
group-payback-calculator,https://you-owe-me.com/tools/group-payback-calculator/,2026-05-21,0,0,,
group-payback-calculator,https://you-owe-me.com/tools/group-payback-calculator/,2026-05-22,0,0,,
group-payback-calculator,https://you-owe-me.com/tools/group-payback-calculator/,2026-05-23,0,0,,
group-payback-calculator,https://you-owe-me.com/tools/group-payback-calculator/,2026-05-24,0,0,,
group-payback-calculator,https://you-owe-me.com/tools/group-payback-calculator/,2026-05-25,0,0,,
group-payback-calculator,https://you-owe-me.com/tools/group-payback-calculator/,2026-05-26,0,0,,
group-payback-calculator,https://you-owe-me.com/tools/group-payback-calculator/,2026-05-27,0,0,,
group-payback-calculator,https://you-owe-me.com/tools/group-payback-calculator/,2026-05-28,0,0,,
group-payback-calculator,https://you-owe-me.com/tools/group-payback-calculator/,2026-05-29,0,0,,
group-payback-calculator,https://you-owe-me.com/tools/group-payback-calculator/,2026-05-30,0,0,,
group-payback-calculator,https://you-owe-me.com/tools/group-payback-calculator/,2026-05-31,0,0,,
group-payback-calculator,https://you-owe-me.com/tools/group-payback-calculator/,2026-06-01,0,0,,
group-payback-calculator,https://you-owe-me.com/tools/group-payback-calculator/,2026-06-02,0,0,,
group-payback-calculator,https://you-owe-me.com/tools/group-payback-calculator/,2026-06-03,0,0,,
group-payback-calculator,https://you-owe-me.com/tools/group-payback-calculator/,2026-06-04,0,0,,
group-payback-calculator,https://you-owe-me.com/tools/group-payback-calculator/,2026-06-05,0,0,,
group-payback-calculator,https://you-owe-me.com/tools/group-payback-calculator/,2026-06-06,0,0,,
group-payback-calculator,https://you-owe-me.com/tools/group-payback-calculator/,2026-06-07,0,0,,
group-payback-calculator,https://you-owe-me.com/tools/group-payback-calculator/,2026-06-08,0,0,,
group-payback-calculator,https://you-owe-me.com/tools/group-payback-calculator/,2026-06-09,0,0,,
group-payback-calculator,https://you-owe-me.com/tools/group-payback-calculator/,2026-06-10,0,0,,
group-payback-calculator,https://you-owe-me.com/tools/group-payback-calculator/,2026-06-11,0,0,,
group-payback-calculator,https://you-owe-me.com/tools/group-payback-calculator/,2026-06-12,0,0,,
group-payback-calculator,https://you-owe-me.com/tools/group-payback-calculator/,2026-06-13,0,0,,
group-payback-calculator,https://you-owe-me.com/tools/group-payback-calculator/,2026-06-14,0,0,,
group-payback-calculator,https://you-owe-me.com/tools/group-payback-calculator/,2026-06-15,0,0,,
group-payback-calculator,https://you-owe-me.com/tools/group-payback-calculator/,2026-06-16,0,0,,
group-payback-calculator,https://you-owe-me.com/tools/group-payback-calculator/,2026-06-17,0,0,,
group-payback-calculator,https://you-owe-me.com/tools/group-payback-calculator/,2026-06-18,0,0,,
group-payback-calculator,https://you-owe-me.com/tools/group-payback-calculator/,2026-06-19,0,0,,
group-payback-calculator,https://you-owe-me.com/tools/group-payback-calculator/,2026-06-20,0,0,,
group-payback-calculator,https://you-owe-me.com/tools/group-payback-calculator/,2026-06-21,0,0,,
group-payback-calculator,https://you-owe-me.com/tools/group-payback-calculator/,2026-06-22,0,0,,
group-payback-calculator,https://you-owe-me.com/tools/group-payback-calculator/,2026-06-23,0,9,0.0,14.4
group-payback-calculator,https://you-owe-me.com/tools/group-payback-calculator/,2026-06-24,0,10,0.0,4.3
group-payback-calculator,https://you-owe-me.com/tools/group-payback-calculator/,2026-06-25,0,10,0.0,6.1
group-payback-calculator,https://you-owe-me.com/tools/group-payback-calculator/,2026-06-26,0,17,0.0,4.5
group-payback-calculator,https://you-owe-me.com/tools/group-payback-calculator/,2026-06-27,0,18,0.0,5.0
group-payback-calculator,https://you-owe-me.com/tools/group-payback-calculator/,2026-06-28,0,14,0.0,6.7
group-payback-calculator,https://you-owe-me.com/tools/group-payback-calculator/,2026-06-29,0,13,0.0,6.4
group-payback-calculator,https://you-owe-me.com/tools/group-payback-calculator/,2026-06-30,0,10,0.0,7.3
group-payback-calculator,https://you-owe-me.com/tools/group-payback-calculator/,2026-07-01,0,12,0.0,6.7
group-payback-calculator,https://you-owe-me.com/tools/group-payback-calculator/,2026-07-02,0,12,0.0,6.9
group-payback-calculator,https://you-owe-me.com/tools/group-payback-calculator/,2026-07-03,0,10,0.0,10.6
group-payback-calculator,https://you-owe-me.com/tools/group-payback-calculator/,2026-07-04,0,13,0.0,6.4
group-payback-calculator,https://you-owe-me.com/tools/group-payback-calculator/,2026-07-05,0,4,0.0,6.5
group-payback-calculator,https://you-owe-me.com/tools/group-payback-calculator/,2026-07-06,1,10,0.1,5.5
group-payback-calculator,https://you-owe-me.com/tools/group-payback-calculator/,2026-07-07,0,9,0.0,6.8
group-payback-calculator,https://you-owe-me.com/tools/group-payback-calculator/,2026-07-08,0,6,0.0,5.2
group-payback-calculator,https://you-owe-me.com/tools/group-payback-calculator/,2026-07-09,0,10,0.0,7.5
group-payback-calculator,https://you-owe-me.com/tools/group-payback-calculator/,2026-07-10,0,12,0.0,9.1
group-payback-calculator,https://you-owe-me.com/tools/group-payback-calculator/,2026-07-11,0,17,0.0,9.5
group-payback-calculator,https://you-owe-me.com/tools/group-payback-calculator/,2026-07-12,0,34,0.0,8.3
group-payback-calculator,https://you-owe-me.com/tools/group-payback-calculator/,2026-07-13,0,11,0.0,7.2
group-payback-calculator,https://you-owe-me.com/tools/group-payback-calculator/,2026-07-14,0,16,0.0,5.2
group-payback-calculator,https://you-owe-me.com/tools/group-payback-calculator/,2026-07-15,0,10,0.0,11.4
group-payback-calculator,https://you-owe-me.com/tools/group-payback-calculator/,2026-07-16,0,14,0.0,6.4
group-payback-calculator,https://you-owe-me.com/tools/group-payback-calculator/,2026-07-17,0,12,0.0,6.7
group-payback-calculator,https://you-owe-me.com/tools/group-payback-calculator/,2026-07-18,0,17,0.0,5.8
group-payback-calculator,https://you-owe-me.com/tools/group-payback-calculator/,2026-07-19,0,13,0.0,7.8
group-payback-calculator,https://you-owe-me.com/tools/group-payback-calculator/,2026-07-20,0,14,0.0,6.8
group-payback-calculator,https://you-owe-me.com/tools/group-payback-calculator/,2026-07-21,1,9,0.1111,7.1
group-payback-calculator,https://you-owe-me.com/tools/group-payback-calculator/,2026-07-22,2,13,0.1538,6.8
group-payback-calculator,https://you-owe-me.com/tools/group-payback-calculator/,2026-07-23,1,16,0.0625,6.7
group-payback-calculator,https://you-owe-me.com/tools/group-payback-calculator/,2026-07-24,0,16,0.0,6.8
group-payback-calculator,https://you-owe-me.com/tools/group-payback-calculator/,2026-07-25,0,14,0.0,6.2
group-payback-calculator,https://you-owe-me.com/tools/group-payback-calculator/,2026-07-26,0,13,0.0,8.5
group-payback-calculator,https://you-owe-me.com/tools/group-payback-calculator/,2026-07-27,0,13,0.0,8.2
group-payback-calculator,https://you-owe-me.com/tools/group-payback-calculator/,2026-07-28,1,20,0.05,5.9
group-payback-calculator,https://you-owe-me.com/tools/group-payback-calculator/,2026-07-29,0,7,0.0,8.7
group-payback-calculator,https://you-owe-me.com/tools/group-payback-calculator/,2026-07-30,1,20,0.05,10.3
group-payback-calculator,https://you-owe-me.com/tools/group-payback-calculator/,2026-07-31,0,16,0.0,9.6
group-payback-calculator,https://you-owe-me.com/tools/group-payback-calculator/,2026-08-01,0,10,0.0,3.9
group-payback-calculator,https://you-owe-me.com/tools/group-payback-calculator/,2026-08-02,0,13,0.0,7.2
group-payback-calculator,https://you-owe-me.com/tools/group-payback-calculator/,2026-08-03,0,13,0.0,7.9
group-payback-calculator,https://you-owe-me.com/tools/group-payback-calculator/,2026-08-04,1,27,0.037,5.9
group-payback-calculator,https://you-owe-me.com/tools/group-payback-calculator/,2026-08-05,0,21,0.0,7.4
group-payback-calculator,https://you-owe-me.com/tools/group-payback-calculator/,2026-08-06,0,19,0.0,7.0
group-payback-calculator,https://you-owe-me.com/tools/group-payback-calculator/,2026-08-07,0,11,0.0,5.8
homepage,https://you-owe-me.com/,2026-05-08,0,34,0.0,13.5
homepage,https://you-owe-me.com/,2026-05-09,0,25,0.0,11.9
homepage,https://you-owe-me.com/,2026-05-10,0,23,0.0,20.7
homepage,https://you-owe-me.com/,2026-05-11,0,20,0.0,13.8
homepage,https://you-owe-me.com/,2026-05-12,0,20,0.0,10.6
homepage,https://you-owe-me.com/,2026-05-13,0,18,0.0,13.9
homepage,https://you-owe-me.com/,2026-05-14,0,27,0.0,9.9
homepage,https://you-owe-me.com/,2026-05-15,0,26,0.0,13.2
homepage,https://you-owe-me.com/,2026-05-16,0,28,0.0,12.6
homepage,https://you-owe-me.com/,2026-05-17,0,16,0.0,17.5
homepage,https://you-owe-me.com/,2026-05-18,0,17,0.0,17.7
homepage,https://you-owe-me.com/,2026-05-19,0,21,0.0,19.7
homepage,https://you-owe-me.com/,2026-05-20,0,17,0.0,22.9
homepage,https://you-owe-me.com/,2026-05-21,0,11,0.0,9.5
homepage,https://you-owe-me.com/,2026-05-22,0,14,0.0,13.9
homepage,https://you-owe-me.com/,2026-05-23,1,24,0.0417,13.6
homepage,https://you-owe-me.com/,2026-05-24,0,107,0.0,6.3
homepage,https://you-owe-me.com/,2026-05-25,1,48,0.0208,6.4
homepage,https://you-owe-me.com/,2026-05-26,2,70,0.0286,6.5
homepage,https://you-owe-me.com/,2026-05-27,5,53,0.0943,7.2
homepage,https://you-owe-me.com/,2026-05-28,1,36,0.0278,6.3
homepage,https://you-owe-me.com/,2026-05-29,0,34,0.0,4.7
homepage,https://you-owe-me.com/,2026-05-30,0,46,0.0,9.9
homepage,https://you-owe-me.com/,2026-05-31,2,51,0.0392,5.2
homepage,https://you-owe-me.com/,2026-06-01,2,60,0.0333,7.2
homepage,https://you-owe-me.com/,2026-06-02,2,64,0.0312,5.7
homepage,https://you-owe-me.com/,2026-06-03,1,83,0.012,6.6
homepage,https://you-owe-me.com/,2026-06-04,1,30,0.0333,6.6
homepage,https://you-owe-me.com/,2026-06-05,1,47,0.0213,5.6
homepage,https://you-owe-me.com/,2026-06-06,1,32,0.0312,8.3
homepage,https://you-owe-me.com/,2026-06-07,1,67,0.0149,6.6
homepage,https://you-owe-me.com/,2026-06-08,3,54,0.0556,7.1
homepage,https://you-owe-me.com/,2026-06-09,3,94,0.0319,4.5
homepage,https://you-owe-me.com/,2026-06-10,1,78,0.0128,6.3
homepage,https://you-owe-me.com/,2026-06-11,4,78,0.0513,5.9
homepage,https://you-owe-me.com/,2026-06-12,2,84,0.0238,6.4
homepage,https://you-owe-me.com/,2026-06-13,2,111,0.018,7.0
homepage,https://you-owe-me.com/,2026-06-14,2,127,0.0157,6.0
homepage,https://you-owe-me.com/,2026-06-15,3,113,0.0265,6.1
homepage,https://you-owe-me.com/,2026-06-16,0,139,0.0,6.0
homepage,https://you-owe-me.com/,2026-06-17,3,137,0.0219,6.4
homepage,https://you-owe-me.com/,2026-06-18,3,148,0.0203,6.4
homepage,https://you-owe-me.com/,2026-06-19,2,84,0.0238,6.3
homepage,https://you-owe-me.com/,2026-06-20,0,66,0.0,8.1
homepage,https://you-owe-me.com/,2026-06-21,0,55,0.0,6.5
homepage,https://you-owe-me.com/,2026-06-22,1,77,0.013,5.8
homepage,https://you-owe-me.com/,2026-06-23,7,102,0.0686,7.4
homepage,https://you-owe-me.com/,2026-06-24,2,100,0.02,7.5
homepage,https://you-owe-me.com/,2026-06-25,2,88,0.0227,4.8
homepage,https://you-owe-me.com/,2026-06-26,2,78,0.0256,6.1
homepage,https://you-owe-me.com/,2026-06-27,3,67,0.0448,3.8
homepage,https://you-owe-me.com/,2026-06-28,0,46,0.0,6.5
homepage,https://you-owe-me.com/,2026-06-29,1,147,0.0068,7.1
homepage,https://you-owe-me.com/,2026-06-30,5,170,0.0294,6.1
homepage,https://you-owe-me.com/,2026-07-01,2,242,0.0083,6.1
homepage,https://you-owe-me.com/,2026-07-02,4,226,0.0177,5.8
homepage,https://you-owe-me.com/,2026-07-03,1,219,0.0046,5.9
homepage,https://you-owe-me.com/,2026-07-04,2,195,0.0103,6.3
homepage,https://you-owe-me.com/,2026-07-05,2,253,0.0079,6.3
homepage,https://you-owe-me.com/,2026-07-06,1,186,0.0054,6.6
homepage,https://you-owe-me.com/,2026-07-07,7,291,0.0241,6.3
homepage,https://you-owe-me.com/,2026-07-08,5,252,0.0198,5.2
homepage,https://you-owe-me.com/,2026-07-09,4,197,0.0203,6.2
homepage,https://you-owe-me.com/,2026-07-10,6,242,0.0248,5.8
homepage,https://you-owe-me.com/,2026-07-11,3,324,0.0093,5.9
homepage,https://you-owe-me.com/,2026-07-12,0,259,0.0,5.4
homepage,https://you-owe-me.com/,2026-07-13,3,236,0.0127,5.6
homepage,https://you-owe-me.com/,2026-07-14,9,191,0.0471,6.7
homepage,https://you-owe-me.com/,2026-07-15,4,166,0.0241,6.3
homepage,https://you-owe-me.com/,2026-07-16,0,137,0.0,7.8
homepage,https://you-owe-me.com/,2026-07-17,5,148,0.0338,5.9
homepage,https://you-owe-me.com/,2026-07-18,2,186,0.0108,4.9
homepage,https://you-owe-me.com/,2026-07-19,5,108,0.0463,6.8
homepage,https://you-owe-me.com/,2026-07-20,3,154,0.0195,6.5
homepage,https://you-owe-me.com/,2026-07-21,4,127,0.0315,7.0
homepage,https://you-owe-me.com/,2026-07-22,8,138,0.058,6.2
homepage,https://you-owe-me.com/,2026-07-23,2,101,0.0198,6.4
homepage,https://you-owe-me.com/,2026-07-24,7,173,0.0405,5.5
homepage,https://you-owe-me.com/,2026-07-25,4,169,0.0237,6.2
homepage,https://you-owe-me.com/,2026-07-26,5,206,0.0243,7.1
homepage,https://you-owe-me.com/,2026-07-27,5,215,0.0233,7.1
homepage,https://you-owe-me.com/,2026-07-28,6,252,0.0238,6.0
homepage,https://you-owe-me.com/,2026-07-29,5,284,0.0176,5.1
homepage,https://you-owe-me.com/,2026-07-30,3,260,0.0115,6.3
homepage,https://you-owe-me.com/,2026-07-31,2,156,0.0128,7.3
homepage,https://you-owe-me.com/,2026-08-01,4,220,0.0182,6.6
homepage,https://you-owe-me.com/,2026-08-02,3,150,0.02,6.2
homepage,https://you-owe-me.com/,2026-08-03,3,174,0.0172,6.8
homepage,https://you-owe-me.com/,2026-08-04,5,148,0.0338,6.4
homepage,https://you-owe-me.com/,2026-08-05,2,149,0.0134,7.0
homepage,https://you-owe-me.com/,2026-08-06,5,283,0.0177,5.8
homepage,https://you-owe-me.com/,2026-08-07,8,165,0.0485,5.8
payment-plan-calculator,https://you-owe-me.com/tools/payment-plan-calculator/,2026-05-08,0,0,,
payment-plan-calculator,https://you-owe-me.com/tools/payment-plan-calculator/,2026-05-09,0,0,,
payment-plan-calculator,https://you-owe-me.com/tools/payment-plan-calculator/,2026-05-10,0,0,,
payment-plan-calculator,https://you-owe-me.com/tools/payment-plan-calculator/,2026-05-11,0,0,,
payment-plan-calculator,https://you-owe-me.com/tools/payment-plan-calculator/,2026-05-12,0,0,,
payment-plan-calculator,https://you-owe-me.com/tools/payment-plan-calculator/,2026-05-13,0,0,,
payment-plan-calculator,https://you-owe-me.com/tools/payment-plan-calculator/,2026-05-14,0,0,,
payment-plan-calculator,https://you-owe-me.com/tools/payment-plan-calculator/,2026-05-15,0,0,,
payment-plan-calculator,https://you-owe-me.com/tools/payment-plan-calculator/,2026-05-16,0,0,,
payment-plan-calculator,https://you-owe-me.com/tools/payment-plan-calculator/,2026-05-17,0,0,,
payment-plan-calculator,https://you-owe-me.com/tools/payment-plan-calculator/,2026-05-18,0,0,,
payment-plan-calculator,https://you-owe-me.com/tools/payment-plan-calculator/,2026-05-19,0,0,,
payment-plan-calculator,https://you-owe-me.com/tools/payment-plan-calculator/,2026-05-20,0,0,,
payment-plan-calculator,https://you-owe-me.com/tools/payment-plan-calculator/,2026-05-21,0,0,,
payment-plan-calculator,https://you-owe-me.com/tools/payment-plan-calculator/,2026-05-22,0,0,,
payment-plan-calculator,https://you-owe-me.com/tools/payment-plan-calculator/,2026-05-23,0,0,,
payment-plan-calculator,https://you-owe-me.com/tools/payment-plan-calculator/,2026-05-24,0,0,,
payment-plan-calculator,https://you-owe-me.com/tools/payment-plan-calculator/,2026-05-25,0,0,,
payment-plan-calculator,https://you-owe-me.com/tools/payment-plan-calculator/,2026-05-26,0,0,,
payment-plan-calculator,https://you-owe-me.com/tools/payment-plan-calculator/,2026-05-27,0,0,,
payment-plan-calculator,https://you-owe-me.com/tools/payment-plan-calculator/,2026-05-28,0,0,,
payment-plan-calculator,https://you-owe-me.com/tools/payment-plan-calculator/,2026-05-29,0,0,,
payment-plan-calculator,https://you-owe-me.com/tools/payment-plan-calculator/,2026-05-30,0,0,,
payment-plan-calculator,https://you-owe-me.com/tools/payment-plan-calculator/,2026-05-31,0,0,,
payment-plan-calculator,https://you-owe-me.com/tools/payment-plan-calculator/,2026-06-01,0,0,,
payment-plan-calculator,https://you-owe-me.com/tools/payment-plan-calculator/,2026-06-02,0,0,,
payment-plan-calculator,https://you-owe-me.com/tools/payment-plan-calculator/,2026-06-03,0,0,,
payment-plan-calculator,https://you-owe-me.com/tools/payment-plan-calculator/,2026-06-04,0,0,,
payment-plan-calculator,https://you-owe-me.com/tools/payment-plan-calculator/,2026-06-05,0,0,,
payment-plan-calculator,https://you-owe-me.com/tools/payment-plan-calculator/,2026-06-06,0,0,,
payment-plan-calculator,https://you-owe-me.com/tools/payment-plan-calculator/,2026-06-07,0,18,0.0,3.5
payment-plan-calculator,https://you-owe-me.com/tools/payment-plan-calculator/,2026-06-08,0,30,0.0,6.7
payment-plan-calculator,https://you-owe-me.com/tools/payment-plan-calculator/,2026-06-09,1,40,0.025,5.5
payment-plan-calculator,https://you-owe-me.com/tools/payment-plan-calculator/,2026-06-10,1,38,0.0263,5.4
payment-plan-calculator,https://you-owe-me.com/tools/payment-plan-calculator/,2026-06-11,0,35,0.0,6.4
payment-plan-calculator,https://you-owe-me.com/tools/payment-plan-calculator/,2026-06-12,1,27,0.037,4.6
payment-plan-calculator,https://you-owe-me.com/tools/payment-plan-calculator/,2026-06-13,1,27,0.037,6.6
payment-plan-calculator,https://you-owe-me.com/tools/payment-plan-calculator/,2026-06-14,2,31,0.0645,4.8
payment-plan-calculator,https://you-owe-me.com/tools/payment-plan-calculator/,2026-06-15,0,32,0.0,6.9
payment-plan-calculator,https://you-owe-me.com/tools/payment-plan-calculator/,2026-06-16,0,29,0.0,6.7
payment-plan-calculator,https://you-owe-me.com/tools/payment-plan-calculator/,2026-06-17,0,21,0.0,8.7
payment-plan-calculator,https://you-owe-me.com/tools/payment-plan-calculator/,2026-06-18,0,18,0.0,8.2
payment-plan-calculator,https://you-owe-me.com/tools/payment-plan-calculator/,2026-06-19,1,28,0.0357,10.0
payment-plan-calculator,https://you-owe-me.com/tools/payment-plan-calculator/,2026-06-20,0,10,0.0,7.3
payment-plan-calculator,https://you-owe-me.com/tools/payment-plan-calculator/,2026-06-21,1,24,0.0417,10.1
payment-plan-calculator,https://you-owe-me.com/tools/payment-plan-calculator/,2026-06-22,0,31,0.0,9.4
payment-plan-calculator,https://you-owe-me.com/tools/payment-plan-calculator/,2026-06-23,0,35,0.0,7.0
payment-plan-calculator,https://you-owe-me.com/tools/payment-plan-calculator/,2026-06-24,1,44,0.0227,6.0
payment-plan-calculator,https://you-owe-me.com/tools/payment-plan-calculator/,2026-06-25,0,33,0.0,11.5
payment-plan-calculator,https://you-owe-me.com/tools/payment-plan-calculator/,2026-06-26,0,22,0.0,8.8
payment-plan-calculator,https://you-owe-me.com/tools/payment-plan-calculator/,2026-06-27,1,16,0.0625,6.8
payment-plan-calculator,https://you-owe-me.com/tools/payment-plan-calculator/,2026-06-28,1,9,0.1111,6.7
payment-plan-calculator,https://you-owe-me.com/tools/payment-plan-calculator/,2026-06-29,0,19,0.0,5.1
payment-plan-calculator,https://you-owe-me.com/tools/payment-plan-calculator/,2026-06-30,1,19,0.0526,7.5
payment-plan-calculator,https://you-owe-me.com/tools/payment-plan-calculator/,2026-07-01,0,10,0.0,7.2
payment-plan-calculator,https://you-owe-me.com/tools/payment-plan-calculator/,2026-07-02,0,16,0.0,4.8
payment-plan-calculator,https://you-owe-me.com/tools/payment-plan-calculator/,2026-07-03,0,16,0.0,6.2
payment-plan-calculator,https://you-owe-me.com/tools/payment-plan-calculator/,2026-07-04,0,3,0.0,28.7
payment-plan-calculator,https://you-owe-me.com/tools/payment-plan-calculator/,2026-07-05,0,6,0.0,5.3
payment-plan-calculator,https://you-owe-me.com/tools/payment-plan-calculator/,2026-07-06,0,5,0.0,5.2
payment-plan-calculator,https://you-owe-me.com/tools/payment-plan-calculator/,2026-07-07,0,0,,
payment-plan-calculator,https://you-owe-me.com/tools/payment-plan-calculator/,2026-07-08,0,0,,
payment-plan-calculator,https://you-owe-me.com/tools/payment-plan-calculator/,2026-07-09,0,6,0.0,5.3
payment-plan-calculator,https://you-owe-me.com/tools/payment-plan-calculator/,2026-07-10,0,11,0.0,6.5
payment-plan-calculator,https://you-owe-me.com/tools/payment-plan-calculator/,2026-07-11,0,9,0.0,6.0
payment-plan-calculator,https://you-owe-me.com/tools/payment-plan-calculator/,2026-07-12,1,6,0.1667,3.8
payment-plan-calculator,https://you-owe-me.com/tools/payment-plan-calculator/,2026-07-13,0,3,0.0,7.3
payment-plan-calculator,https://you-owe-me.com/tools/payment-plan-calculator/,2026-07-14,0,8,0.0,4.0
payment-plan-calculator,https://you-owe-me.com/tools/payment-plan-calculator/,2026-07-15,1,42,0.0238,5.6
payment-plan-calculator,https://you-owe-me.com/tools/payment-plan-calculator/,2026-07-16,0,64,0.0,5.2
payment-plan-calculator,https://you-owe-me.com/tools/payment-plan-calculator/,2026-07-17,2,43,0.0465,5.5
payment-plan-calculator,https://you-owe-me.com/tools/payment-plan-calculator/,2026-07-18,0,56,0.0,4.9
payment-plan-calculator,https://you-owe-me.com/tools/payment-plan-calculator/,2026-07-19,0,51,0.0,8.3
payment-plan-calculator,https://you-owe-me.com/tools/payment-plan-calculator/,2026-07-20,2,81,0.0247,6.1
payment-plan-calculator,https://you-owe-me.com/tools/payment-plan-calculator/,2026-07-21,1,68,0.0147,7.3
payment-plan-calculator,https://you-owe-me.com/tools/payment-plan-calculator/,2026-07-22,0,65,0.0,6.0
payment-plan-calculator,https://you-owe-me.com/tools/payment-plan-calculator/,2026-07-23,1,37,0.027,5.5
payment-plan-calculator,https://you-owe-me.com/tools/payment-plan-calculator/,2026-07-24,0,56,0.0,8.0
payment-plan-calculator,https://you-owe-me.com/tools/payment-plan-calculator/,2026-07-25,0,29,0.0,7.3
payment-plan-calculator,https://you-owe-me.com/tools/payment-plan-calculator/,2026-07-26,0,75,0.0,5.4
payment-plan-calculator,https://you-owe-me.com/tools/payment-plan-calculator/,2026-07-27,1,94,0.0106,5.4
payment-plan-calculator,https://you-owe-me.com/tools/payment-plan-calculator/,2026-07-28,0,108,0.0,6.5
payment-plan-calculator,https://you-owe-me.com/tools/payment-plan-calculator/,2026-07-29,0,115,0.0,6.4
payment-plan-calculator,https://you-owe-me.com/tools/payment-plan-calculator/,2026-07-30,0,144,0.0,6.2
payment-plan-calculator,https://you-owe-me.com/tools/payment-plan-calculator/,2026-07-31,2,135,0.0148,6.1
payment-plan-calculator,https://you-owe-me.com/tools/payment-plan-calculator/,2026-08-01,1,175,0.0057,6.8
payment-plan-calculator,https://you-owe-me.com/tools/payment-plan-calculator/,2026-08-02,1,150,0.0067,7.2
payment-plan-calculator,https://you-owe-me.com/tools/payment-plan-calculator/,2026-08-03,1,172,0.0058,6.7
payment-plan-calculator,https://you-owe-me.com/tools/payment-plan-calculator/,2026-08-04,3,164,0.0183,6.9
payment-plan-calculator,https://you-owe-me.com/tools/payment-plan-calculator/,2026-08-05,3,159,0.0189,7.4
payment-plan-calculator,https://you-owe-me.com/tools/payment-plan-calculator/,2026-08-06,0,163,0.0,5.8
payment-plan-calculator,https://you-owe-me.com/tools/payment-plan-calculator/,2026-08-07,1,204,0.0049,5.5
remind-someone-owes-money,https://you-owe-me.com/blog/how-to-remind-someone-they-owe-you-money-politely/,2026-05-08,0,0,,
remind-someone-owes-money,https://you-owe-me.com/blog/how-to-remind-someone-they-owe-you-money-politely/,2026-05-09,0,0,,
remind-someone-owes-money,https://you-owe-me.com/blog/how-to-remind-someone-they-owe-you-money-politely/,2026-05-10,0,0,,
remind-someone-owes-money,https://you-owe-me.com/blog/how-to-remind-someone-they-owe-you-money-politely/,2026-05-11,0,0,,
remind-someone-owes-money,https://you-owe-me.com/blog/how-to-remind-someone-they-owe-you-money-politely/,2026-05-12,0,0,,
remind-someone-owes-money,https://you-owe-me.com/blog/how-to-remind-someone-they-owe-you-money-politely/,2026-05-13,0,0,,
remind-someone-owes-money,https://you-owe-me.com/blog/how-to-remind-someone-they-owe-you-money-politely/,2026-05-14,0,0,,
remind-someone-owes-money,https://you-owe-me.com/blog/how-to-remind-someone-they-owe-you-money-politely/,2026-05-15,0,0,,
remind-someone-owes-money,https://you-owe-me.com/blog/how-to-remind-someone-they-owe-you-money-politely/,2026-05-16,0,0,,
remind-someone-owes-money,https://you-owe-me.com/blog/how-to-remind-someone-they-owe-you-money-politely/,2026-05-17,0,6,0.0,24.0
remind-someone-owes-money,https://you-owe-me.com/blog/how-to-remind-someone-they-owe-you-money-politely/,2026-05-18,0,6,0.0,24.2
remind-someone-owes-money,https://you-owe-me.com/blog/how-to-remind-someone-they-owe-you-money-politely/,2026-05-19,0,3,0.0,11.0
remind-someone-owes-money,https://you-owe-me.com/blog/how-to-remind-someone-they-owe-you-money-politely/,2026-05-20,0,4,0.0,7.2
remind-someone-owes-money,https://you-owe-me.com/blog/how-to-remind-someone-they-owe-you-money-politely/,2026-05-21,0,8,0.0,14.9
remind-someone-owes-money,https://you-owe-me.com/blog/how-to-remind-someone-they-owe-you-money-politely/,2026-05-22,0,1,0.0,6.0
remind-someone-owes-money,https://you-owe-me.com/blog/how-to-remind-someone-they-owe-you-money-politely/,2026-05-23,0,7,0.0,37.9
remind-someone-owes-money,https://you-owe-me.com/blog/how-to-remind-someone-they-owe-you-money-politely/,2026-05-24,0,4,0.0,29.5
remind-someone-owes-money,https://you-owe-me.com/blog/how-to-remind-someone-they-owe-you-money-politely/,2026-05-25,0,3,0.0,26.7
remind-someone-owes-money,https://you-owe-me.com/blog/how-to-remind-someone-they-owe-you-money-politely/,2026-05-26,0,8,0.0,7.6
remind-someone-owes-money,https://you-owe-me.com/blog/how-to-remind-someone-they-owe-you-money-politely/,2026-05-27,0,5,0.0,26.0
remind-someone-owes-money,https://you-owe-me.com/blog/how-to-remind-someone-they-owe-you-money-politely/,2026-05-28,0,5,0.0,14.2
remind-someone-owes-money,https://you-owe-me.com/blog/how-to-remind-someone-they-owe-you-money-politely/,2026-05-29,0,11,0.0,8.4
remind-someone-owes-money,https://you-owe-me.com/blog/how-to-remind-someone-they-owe-you-money-politely/,2026-05-30,1,105,0.0095,7.7
remind-someone-owes-money,https://you-owe-me.com/blog/how-to-remind-someone-they-owe-you-money-politely/,2026-05-31,1,138,0.0072,10.3
remind-someone-owes-money,https://you-owe-me.com/blog/how-to-remind-someone-they-owe-you-money-politely/,2026-06-01,1,164,0.0061,7.8
remind-someone-owes-money,https://you-owe-me.com/blog/how-to-remind-someone-they-owe-you-money-politely/,2026-06-02,0,161,0.0,8.1
remind-someone-owes-money,https://you-owe-me.com/blog/how-to-remind-someone-they-owe-you-money-politely/,2026-06-03,1,163,0.0061,7.5
remind-someone-owes-money,https://you-owe-me.com/blog/how-to-remind-someone-they-owe-you-money-politely/,2026-06-04,0,151,0.0,7.8
remind-someone-owes-money,https://you-owe-me.com/blog/how-to-remind-someone-they-owe-you-money-politely/,2026-06-05,1,165,0.0061,7.6
remind-someone-owes-money,https://you-owe-me.com/blog/how-to-remind-someone-they-owe-you-money-politely/,2026-06-06,1,94,0.0106,7.9
remind-someone-owes-money,https://you-owe-me.com/blog/how-to-remind-someone-they-owe-you-money-politely/,2026-06-07,0,132,0.0,6.9
remind-someone-owes-money,https://you-owe-me.com/blog/how-to-remind-someone-they-owe-you-money-politely/,2026-06-08,0,171,0.0,8.1
remind-someone-owes-money,https://you-owe-me.com/blog/how-to-remind-someone-they-owe-you-money-politely/,2026-06-09,1,167,0.006,7.9
remind-someone-owes-money,https://you-owe-me.com/blog/how-to-remind-someone-they-owe-you-money-politely/,2026-06-10,1,263,0.0038,7.5
remind-someone-owes-money,https://you-owe-me.com/blog/how-to-remind-someone-they-owe-you-money-politely/,2026-06-11,4,356,0.0112,6.3
remind-someone-owes-money,https://you-owe-me.com/blog/how-to-remind-someone-they-owe-you-money-politely/,2026-06-12,2,378,0.0053,6.3
remind-someone-owes-money,https://you-owe-me.com/blog/how-to-remind-someone-they-owe-you-money-politely/,2026-06-13,0,290,0.0,6.2
remind-someone-owes-money,https://you-owe-me.com/blog/how-to-remind-someone-they-owe-you-money-politely/,2026-06-14,2,302,0.0066,7.3
remind-someone-owes-money,https://you-owe-me.com/blog/how-to-remind-someone-they-owe-you-money-politely/,2026-06-15,7,517,0.0135,6.4
remind-someone-owes-money,https://you-owe-me.com/blog/how-to-remind-someone-they-owe-you-money-politely/,2026-06-16,2,562,0.0036,6.3
remind-someone-owes-money,https://you-owe-me.com/blog/how-to-remind-someone-they-owe-you-money-politely/,2026-06-17,4,482,0.0083,5.6
remind-someone-owes-money,https://you-owe-me.com/blog/how-to-remind-someone-they-owe-you-money-politely/,2026-06-18,4,505,0.0079,6.2
remind-someone-owes-money,https://you-owe-me.com/blog/how-to-remind-someone-they-owe-you-money-politely/,2026-06-19,6,446,0.0135,6.1
remind-someone-owes-money,https://you-owe-me.com/blog/how-to-remind-someone-they-owe-you-money-politely/,2026-06-20,6,396,0.0152,6.0
remind-someone-owes-money,https://you-owe-me.com/blog/how-to-remind-someone-they-owe-you-money-politely/,2026-06-21,5,418,0.012,6.1
remind-someone-owes-money,https://you-owe-me.com/blog/how-to-remind-someone-they-owe-you-money-politely/,2026-06-22,8,602,0.0133,5.7
remind-someone-owes-money,https://you-owe-me.com/blog/how-to-remind-someone-they-owe-you-money-politely/,2026-06-23,6,584,0.0103,5.9
remind-someone-owes-money,https://you-owe-me.com/blog/how-to-remind-someone-they-owe-you-money-politely/,2026-06-24,5,566,0.0088,5.7
remind-someone-owes-money,https://you-owe-me.com/blog/how-to-remind-someone-they-owe-you-money-politely/,2026-06-25,1,547,0.0018,5.6
remind-someone-owes-money,https://you-owe-me.com/blog/how-to-remind-someone-they-owe-you-money-politely/,2026-06-26,6,648,0.0093,5.9
remind-someone-owes-money,https://you-owe-me.com/blog/how-to-remind-someone-they-owe-you-money-politely/,2026-06-27,2,430,0.0047,5.5
remind-someone-owes-money,https://you-owe-me.com/blog/how-to-remind-someone-they-owe-you-money-politely/,2026-06-28,1,339,0.0029,6.1
remind-someone-owes-money,https://you-owe-me.com/blog/how-to-remind-someone-they-owe-you-money-politely/,2026-06-29,3,425,0.0071,5.6
remind-someone-owes-money,https://you-owe-me.com/blog/how-to-remind-someone-they-owe-you-money-politely/,2026-06-30,4,478,0.0084,6.3
remind-someone-owes-money,https://you-owe-me.com/blog/how-to-remind-someone-they-owe-you-money-politely/,2026-07-01,7,479,0.0146,6.5
remind-someone-owes-money,https://you-owe-me.com/blog/how-to-remind-someone-they-owe-you-money-politely/,2026-07-02,4,510,0.0078,6.0
remind-someone-owes-money,https://you-owe-me.com/blog/how-to-remind-someone-they-owe-you-money-politely/,2026-07-03,5,528,0.0095,5.8
remind-someone-owes-money,https://you-owe-me.com/blog/how-to-remind-someone-they-owe-you-money-politely/,2026-07-04,6,368,0.0163,6.2
remind-someone-owes-money,https://you-owe-me.com/blog/how-to-remind-someone-they-owe-you-money-politely/,2026-07-05,5,409,0.0122,6.2
remind-someone-owes-money,https://you-owe-me.com/blog/how-to-remind-someone-they-owe-you-money-politely/,2026-07-06,6,483,0.0124,5.9
remind-someone-owes-money,https://you-owe-me.com/blog/how-to-remind-someone-they-owe-you-money-politely/,2026-07-07,5,483,0.0104,6.1
remind-someone-owes-money,https://you-owe-me.com/blog/how-to-remind-someone-they-owe-you-money-politely/,2026-07-08,8,442,0.0181,6.2
remind-someone-owes-money,https://you-owe-me.com/blog/how-to-remind-someone-they-owe-you-money-politely/,2026-07-09,11,507,0.0217,5.9
remind-someone-owes-money,https://you-owe-me.com/blog/how-to-remind-someone-they-owe-you-money-politely/,2026-07-10,7,437,0.016,5.7
remind-someone-owes-money,https://you-owe-me.com/blog/how-to-remind-someone-they-owe-you-money-politely/,2026-07-11,2,387,0.0052,6.3
remind-someone-owes-money,https://you-owe-me.com/blog/how-to-remind-someone-they-owe-you-money-politely/,2026-07-12,5,381,0.0131,6.2
remind-someone-owes-money,https://you-owe-me.com/blog/how-to-remind-someone-they-owe-you-money-politely/,2026-07-13,5,498,0.01,5.7
remind-someone-owes-money,https://you-owe-me.com/blog/how-to-remind-someone-they-owe-you-money-politely/,2026-07-14,9,602,0.015,5.9
remind-someone-owes-money,https://you-owe-me.com/blog/how-to-remind-someone-they-owe-you-money-politely/,2026-07-15,4,506,0.0079,5.5
remind-someone-owes-money,https://you-owe-me.com/blog/how-to-remind-someone-they-owe-you-money-politely/,2026-07-16,3,536,0.0056,5.3
remind-someone-owes-money,https://you-owe-me.com/blog/how-to-remind-someone-they-owe-you-money-politely/,2026-07-17,7,508,0.0138,5.2
remind-someone-owes-money,https://you-owe-me.com/blog/how-to-remind-someone-they-owe-you-money-politely/,2026-07-18,6,425,0.0141,5.4
remind-someone-owes-money,https://you-owe-me.com/blog/how-to-remind-someone-they-owe-you-money-politely/,2026-07-19,5,405,0.0123,5.9
remind-someone-owes-money,https://you-owe-me.com/blog/how-to-remind-someone-they-owe-you-money-politely/,2026-07-20,4,440,0.0091,5.9
remind-someone-owes-money,https://you-owe-me.com/blog/how-to-remind-someone-they-owe-you-money-politely/,2026-07-21,4,472,0.0085,6.1
remind-someone-owes-money,https://you-owe-me.com/blog/how-to-remind-someone-they-owe-you-money-politely/,2026-07-22,12,470,0.0255,5.9
remind-someone-owes-money,https://you-owe-me.com/blog/how-to-remind-someone-they-owe-you-money-politely/,2026-07-23,10,401,0.0249,5.6
remind-someone-owes-money,https://you-owe-me.com/blog/how-to-remind-someone-they-owe-you-money-politely/,2026-07-24,5,433,0.0115,6.3
remind-someone-owes-money,https://you-owe-me.com/blog/how-to-remind-someone-they-owe-you-money-politely/,2026-07-25,4,370,0.0108,6.4
remind-someone-owes-money,https://you-owe-me.com/blog/how-to-remind-someone-they-owe-you-money-politely/,2026-07-26,3,393,0.0076,6.4
remind-someone-owes-money,https://you-owe-me.com/blog/how-to-remind-someone-they-owe-you-money-politely/,2026-07-27,9,696,0.0129,5.9
remind-someone-owes-money,https://you-owe-me.com/blog/how-to-remind-someone-they-owe-you-money-politely/,2026-07-28,7,699,0.01,6.1
remind-someone-owes-money,https://you-owe-me.com/blog/how-to-remind-someone-they-owe-you-money-politely/,2026-07-29,12,783,0.0153,5.9
remind-someone-owes-money,https://you-owe-me.com/blog/how-to-remind-someone-they-owe-you-money-politely/,2026-07-30,3,742,0.004,6.1
remind-someone-owes-money,https://you-owe-me.com/blog/how-to-remind-someone-they-owe-you-money-politely/,2026-07-31,8,691,0.0116,6.0
remind-someone-owes-money,https://you-owe-me.com/blog/how-to-remind-someone-they-owe-you-money-politely/,2026-08-01,1,530,0.0019,6.2
remind-someone-owes-money,https://you-owe-me.com/blog/how-to-remind-someone-they-owe-you-money-politely/,2026-08-02,5,512,0.0098,5.9
remind-someone-owes-money,https://you-owe-me.com/blog/how-to-remind-someone-they-owe-you-money-politely/,2026-08-03,4,691,0.0058,6.5
remind-someone-owes-money,https://you-owe-me.com/blog/how-to-remind-someone-they-owe-you-money-politely/,2026-08-04,7,625,0.0112,6.8
remind-someone-owes-money,https://you-owe-me.com/blog/how-to-remind-someone-they-owe-you-money-politely/,2026-08-05,9,653,0.0138,6.8
remind-someone-owes-money,https://you-owe-me.com/blog/how-to-remind-someone-they-owe-you-money-politely/,2026-08-06,9,781,0.0115,6.9
remind-someone-owes-money,https://you-owe-me.com/blog/how-to-remind-someone-they-owe-you-money-politely/,2026-08-07,5,636,0.0079,6.7
repayment-receipt-generator,https://you-owe-me.com/tools/repayment-receipt-generator/,2026-05-08,0,0,,
repayment-receipt-generator,https://you-owe-me.com/tools/repayment-receipt-generator/,2026-05-09,0,0,,
repayment-receipt-generator,https://you-owe-me.com/tools/repayment-receipt-generator/,2026-05-10,0,0,,
repayment-receipt-generator,https://you-owe-me.com/tools/repayment-receipt-generator/,2026-05-11,0,0,,
repayment-receipt-generator,https://you-owe-me.com/tools/repayment-receipt-generator/,2026-05-12,0,0,,
repayment-receipt-generator,https://you-owe-me.com/tools/repayment-receipt-generator/,2026-05-13,0,0,,
repayment-receipt-generator,https://you-owe-me.com/tools/repayment-receipt-generator/,2026-05-14,0,0,,
repayment-receipt-generator,https://you-owe-me.com/tools/repayment-receipt-generator/,2026-05-15,0,0,,
repayment-receipt-generator,https://you-owe-me.com/tools/repayment-receipt-generator/,2026-05-16,0,0,,
repayment-receipt-generator,https://you-owe-me.com/tools/repayment-receipt-generator/,2026-05-17,0,0,,
repayment-receipt-generator,https://you-owe-me.com/tools/repayment-receipt-generator/,2026-05-18,0,0,,
repayment-receipt-generator,https://you-owe-me.com/tools/repayment-receipt-generator/,2026-05-19,0,0,,
repayment-receipt-generator,https://you-owe-me.com/tools/repayment-receipt-generator/,2026-05-20,0,0,,
repayment-receipt-generator,https://you-owe-me.com/tools/repayment-receipt-generator/,2026-05-21,0,0,,
repayment-receipt-generator,https://you-owe-me.com/tools/repayment-receipt-generator/,2026-05-22,0,0,,
repayment-receipt-generator,https://you-owe-me.com/tools/repayment-receipt-generator/,2026-05-23,0,0,,
repayment-receipt-generator,https://you-owe-me.com/tools/repayment-receipt-generator/,2026-05-24,0,0,,
repayment-receipt-generator,https://you-owe-me.com/tools/repayment-receipt-generator/,2026-05-25,0,0,,
repayment-receipt-generator,https://you-owe-me.com/tools/repayment-receipt-generator/,2026-05-26,0,0,,
repayment-receipt-generator,https://you-owe-me.com/tools/repayment-receipt-generator/,2026-05-27,0,0,,
repayment-receipt-generator,https://you-owe-me.com/tools/repayment-receipt-generator/,2026-05-28,0,0,,
repayment-receipt-generator,https://you-owe-me.com/tools/repayment-receipt-generator/,2026-05-29,0,0,,
repayment-receipt-generator,https://you-owe-me.com/tools/repayment-receipt-generator/,2026-05-30,0,0,,
repayment-receipt-generator,https://you-owe-me.com/tools/repayment-receipt-generator/,2026-05-31,0,0,,
repayment-receipt-generator,https://you-owe-me.com/tools/repayment-receipt-generator/,2026-06-01,0,0,,
repayment-receipt-generator,https://you-owe-me.com/tools/repayment-receipt-generator/,2026-06-02,0,0,,
repayment-receipt-generator,https://you-owe-me.com/tools/repayment-receipt-generator/,2026-06-03,0,7,0.0,5.6
repayment-receipt-generator,https://you-owe-me.com/tools/repayment-receipt-generator/,2026-06-04,0,5,0.0,2.6
repayment-receipt-generator,https://you-owe-me.com/tools/repayment-receipt-generator/,2026-06-05,0,9,0.0,6.0
repayment-receipt-generator,https://you-owe-me.com/tools/repayment-receipt-generator/,2026-06-06,0,1,0.0,11.0
repayment-receipt-generator,https://you-owe-me.com/tools/repayment-receipt-generator/,2026-06-07,0,11,0.0,6.0
repayment-receipt-generator,https://you-owe-me.com/tools/repayment-receipt-generator/,2026-06-08,2,11,0.1818,5.9
repayment-receipt-generator,https://you-owe-me.com/tools/repayment-receipt-generator/,2026-06-09,0,6,0.0,7.7
repayment-receipt-generator,https://you-owe-me.com/tools/repayment-receipt-generator/,2026-06-10,0,6,0.0,11.8
repayment-receipt-generator,https://you-owe-me.com/tools/repayment-receipt-generator/,2026-06-11,0,7,0.0,13.6
repayment-receipt-generator,https://you-owe-me.com/tools/repayment-receipt-generator/,2026-06-12,0,6,0.0,4.0
repayment-receipt-generator,https://you-owe-me.com/tools/repayment-receipt-generator/,2026-06-13,0,2,0.0,1.5
repayment-receipt-generator,https://you-owe-me.com/tools/repayment-receipt-generator/,2026-06-14,0,7,0.0,6.3
repayment-receipt-generator,https://you-owe-me.com/tools/repayment-receipt-generator/,2026-06-15,0,5,0.0,6.0
repayment-receipt-generator,https://you-owe-me.com/tools/repayment-receipt-generator/,2026-06-16,1,9,0.1111,4.3
repayment-receipt-generator,https://you-owe-me.com/tools/repayment-receipt-generator/,2026-06-17,0,7,0.0,8.9
repayment-receipt-generator,https://you-owe-me.com/tools/repayment-receipt-generator/,2026-06-18,0,1,0.0,1.0
repayment-receipt-generator,https://you-owe-me.com/tools/repayment-receipt-generator/,2026-06-19,0,6,0.0,8.3
repayment-receipt-generator,https://you-owe-me.com/tools/repayment-receipt-generator/,2026-06-20,0,0,,
repayment-receipt-generator,https://you-owe-me.com/tools/repayment-receipt-generator/,2026-06-21,1,3,0.3333,4.3
repayment-receipt-generator,https://you-owe-me.com/tools/repayment-receipt-generator/,2026-06-22,0,7,0.0,6.4
repayment-receipt-generator,https://you-owe-me.com/tools/repayment-receipt-generator/,2026-06-23,0,11,0.0,3.6
repayment-receipt-generator,https://you-owe-me.com/tools/repayment-receipt-generator/,2026-06-24,0,3,0.0,5.0
repayment-receipt-generator,https://you-owe-me.com/tools/repayment-receipt-generator/,2026-06-25,0,3,0.0,6.7
repayment-receipt-generator,https://you-owe-me.com/tools/repayment-receipt-generator/,2026-06-26,0,3,0.0,2.7
repayment-receipt-generator,https://you-owe-me.com/tools/repayment-receipt-generator/,2026-06-27,0,4,0.0,3.8
repayment-receipt-generator,https://you-owe-me.com/tools/repayment-receipt-generator/,2026-06-28,0,10,0.0,7.4
repayment-receipt-generator,https://you-owe-me.com/tools/repayment-receipt-generator/,2026-06-29,0,18,0.0,10.6
repayment-receipt-generator,https://you-owe-me.com/tools/repayment-receipt-generator/,2026-06-30,0,11,0.0,10.5
repayment-receipt-generator,https://you-owe-me.com/tools/repayment-receipt-generator/,2026-07-01,2,13,0.1538,5.5
repayment-receipt-generator,https://you-owe-me.com/tools/repayment-receipt-generator/,2026-07-02,0,12,0.0,8.5
repayment-receipt-generator,https://you-owe-me.com/tools/repayment-receipt-generator/,2026-07-03,0,9,0.0,5.2
repayment-receipt-generator,https://you-owe-me.com/tools/repayment-receipt-generator/,2026-07-04,0,4,0.0,19.5
repayment-receipt-generator,https://you-owe-me.com/tools/repayment-receipt-generator/,2026-07-05,0,8,0.0,15.2
repayment-receipt-generator,https://you-owe-me.com/tools/repayment-receipt-generator/,2026-07-06,0,12,0.0,26.1
repayment-receipt-generator,https://you-owe-me.com/tools/repayment-receipt-generator/,2026-07-07,0,7,0.0,16.9
repayment-receipt-generator,https://you-owe-me.com/tools/repayment-receipt-generator/,2026-07-08,0,5,0.0,22.8
repayment-receipt-generator,https://you-owe-me.com/tools/repayment-receipt-generator/,2026-07-09,0,12,0.0,12.5
repayment-receipt-generator,https://you-owe-me.com/tools/repayment-receipt-generator/,2026-07-10,0,12,0.0,17.7
repayment-receipt-generator,https://you-owe-me.com/tools/repayment-receipt-generator/,2026-07-11,0,6,0.0,36.2
repayment-receipt-generator,https://you-owe-me.com/tools/repayment-receipt-generator/,2026-07-12,0,5,0.0,10.8
repayment-receipt-generator,https://you-owe-me.com/tools/repayment-receipt-generator/,2026-07-13,0,8,0.0,36.0
repayment-receipt-generator,https://you-owe-me.com/tools/repayment-receipt-generator/,2026-07-14,0,13,0.0,24.5
repayment-receipt-generator,https://you-owe-me.com/tools/repayment-receipt-generator/,2026-07-15,0,13,0.0,18.8
repayment-receipt-generator,https://you-owe-me.com/tools/repayment-receipt-generator/,2026-07-16,0,4,0.0,6.5
repayment-receipt-generator,https://you-owe-me.com/tools/repayment-receipt-generator/,2026-07-17,0,7,0.0,17.7
repayment-receipt-generator,https://you-owe-me.com/tools/repayment-receipt-generator/,2026-07-18,0,7,0.0,35.6
repayment-receipt-generator,https://you-owe-me.com/tools/repayment-receipt-generator/,2026-07-19,0,7,0.0,35.9
repayment-receipt-generator,https://you-owe-me.com/tools/repayment-receipt-generator/,2026-07-20,0,4,0.0,25.8
repayment-receipt-generator,https://you-owe-me.com/tools/repayment-receipt-generator/,2026-07-21,0,6,0.0,30.2
repayment-receipt-generator,https://you-owe-me.com/tools/repayment-receipt-generator/,2026-07-22,0,5,0.0,7.0
repayment-receipt-generator,https://you-owe-me.com/tools/repayment-receipt-generator/,2026-07-23,0,9,0.0,16.4
repayment-receipt-generator,https://you-owe-me.com/tools/repayment-receipt-generator/,2026-07-24,1,8,0.125,3.9
repayment-receipt-generator,https://you-owe-me.com/tools/repayment-receipt-generator/,2026-07-25,0,10,0.0,17.0
repayment-receipt-generator,https://you-owe-me.com/tools/repayment-receipt-generator/,2026-07-26,0,5,0.0,39.2
repayment-receipt-generator,https://you-owe-me.com/tools/repayment-receipt-generator/,2026-07-27,0,7,0.0,39.9
repayment-receipt-generator,https://you-owe-me.com/tools/repayment-receipt-generator/,2026-07-28,0,16,0.0,12.6
repayment-receipt-generator,https://you-owe-me.com/tools/repayment-receipt-generator/,2026-07-29,1,17,0.0588,28.7
repayment-receipt-generator,https://you-owe-me.com/tools/repayment-receipt-generator/,2026-07-30,0,26,0.0,9.7
repayment-receipt-generator,https://you-owe-me.com/tools/repayment-receipt-generator/,2026-07-31,0,10,0.0,5.0
repayment-receipt-generator,https://you-owe-me.com/tools/repayment-receipt-generator/,2026-08-01,0,13,0.0,14.1
repayment-receipt-generator,https://you-owe-me.com/tools/repayment-receipt-generator/,2026-08-02,0,12,0.0,8.8
repayment-receipt-generator,https://you-owe-me.com/tools/repayment-receipt-generator/,2026-08-03,1,17,0.0588,6.3
repayment-receipt-generator,https://you-owe-me.com/tools/repayment-receipt-generator/,2026-08-04,0,13,0.0,6.6
repayment-receipt-generator,https://you-owe-me.com/tools/repayment-receipt-generator/,2026-08-05,1,19,0.0526,5.6
repayment-receipt-generator,https://you-owe-me.com/tools/repayment-receipt-generator/,2026-08-06,1,9,0.1111,14.7
repayment-receipt-generator,https://you-owe-me.com/tools/repayment-receipt-generator/,2026-08-07,2,17,0.1176,3.9
roommate-bill-split-calculator,https://you-owe-me.com/tools/roommate-bill-split-calculator/,2026-05-08,0,0,,
roommate-bill-split-calculator,https://you-owe-me.com/tools/roommate-bill-split-calculator/,2026-05-09,0,0,,
roommate-bill-split-calculator,https://you-owe-me.com/tools/roommate-bill-split-calculator/,2026-05-10,0,0,,
roommate-bill-split-calculator,https://you-owe-me.com/tools/roommate-bill-split-calculator/,2026-05-11,0,0,,
roommate-bill-split-calculator,https://you-owe-me.com/tools/roommate-bill-split-calculator/,2026-05-12,0,0,,
roommate-bill-split-calculator,https://you-owe-me.com/tools/roommate-bill-split-calculator/,2026-05-13,0,0,,
roommate-bill-split-calculator,https://you-owe-me.com/tools/roommate-bill-split-calculator/,2026-05-14,0,0,,
roommate-bill-split-calculator,https://you-owe-me.com/tools/roommate-bill-split-calculator/,2026-05-15,0,0,,
roommate-bill-split-calculator,https://you-owe-me.com/tools/roommate-bill-split-calculator/,2026-05-16,0,0,,
roommate-bill-split-calculator,https://you-owe-me.com/tools/roommate-bill-split-calculator/,2026-05-17,0,0,,
roommate-bill-split-calculator,https://you-owe-me.com/tools/roommate-bill-split-calculator/,2026-05-18,0,0,,
roommate-bill-split-calculator,https://you-owe-me.com/tools/roommate-bill-split-calculator/,2026-05-19,0,0,,
roommate-bill-split-calculator,https://you-owe-me.com/tools/roommate-bill-split-calculator/,2026-05-20,0,0,,
roommate-bill-split-calculator,https://you-owe-me.com/tools/roommate-bill-split-calculator/,2026-05-21,0,0,,
roommate-bill-split-calculator,https://you-owe-me.com/tools/roommate-bill-split-calculator/,2026-05-22,0,0,,
roommate-bill-split-calculator,https://you-owe-me.com/tools/roommate-bill-split-calculator/,2026-05-23,0,0,,
roommate-bill-split-calculator,https://you-owe-me.com/tools/roommate-bill-split-calculator/,2026-05-24,0,0,,
roommate-bill-split-calculator,https://you-owe-me.com/tools/roommate-bill-split-calculator/,2026-05-25,0,0,,
roommate-bill-split-calculator,https://you-owe-me.com/tools/roommate-bill-split-calculator/,2026-05-26,0,0,,
roommate-bill-split-calculator,https://you-owe-me.com/tools/roommate-bill-split-calculator/,2026-05-27,0,5,0.0,16.2
roommate-bill-split-calculator,https://you-owe-me.com/tools/roommate-bill-split-calculator/,2026-05-28,0,26,0.0,8.7
roommate-bill-split-calculator,https://you-owe-me.com/tools/roommate-bill-split-calculator/,2026-05-29,0,13,0.0,10.2
roommate-bill-split-calculator,https://you-owe-me.com/tools/roommate-bill-split-calculator/,2026-05-30,0,20,0.0,7.7
roommate-bill-split-calculator,https://you-owe-me.com/tools/roommate-bill-split-calculator/,2026-05-31,0,21,0.0,9.8
roommate-bill-split-calculator,https://you-owe-me.com/tools/roommate-bill-split-calculator/,2026-06-01,0,16,0.0,9.5
roommate-bill-split-calculator,https://you-owe-me.com/tools/roommate-bill-split-calculator/,2026-06-02,1,21,0.0476,7.8
roommate-bill-split-calculator,https://you-owe-me.com/tools/roommate-bill-split-calculator/,2026-06-03,0,11,0.0,6.5
roommate-bill-split-calculator,https://you-owe-me.com/tools/roommate-bill-split-calculator/,2026-06-04,0,19,0.0,8.1
roommate-bill-split-calculator,https://you-owe-me.com/tools/roommate-bill-split-calculator/,2026-06-05,0,12,0.0,12.4
roommate-bill-split-calculator,https://you-owe-me.com/tools/roommate-bill-split-calculator/,2026-06-06,0,8,0.0,21.6
roommate-bill-split-calculator,https://you-owe-me.com/tools/roommate-bill-split-calculator/,2026-06-07,0,10,0.0,12.6
roommate-bill-split-calculator,https://you-owe-me.com/tools/roommate-bill-split-calculator/,2026-06-08,0,13,0.0,10.7
roommate-bill-split-calculator,https://you-owe-me.com/tools/roommate-bill-split-calculator/,2026-06-09,0,15,0.0,9.8
roommate-bill-split-calculator,https://you-owe-me.com/tools/roommate-bill-split-calculator/,2026-06-10,0,7,0.0,15.9
roommate-bill-split-calculator,https://you-owe-me.com/tools/roommate-bill-split-calculator/,2026-06-11,0,13,0.0,6.2
roommate-bill-split-calculator,https://you-owe-me.com/tools/roommate-bill-split-calculator/,2026-06-12,0,14,0.0,10.9
roommate-bill-split-calculator,https://you-owe-me.com/tools/roommate-bill-split-calculator/,2026-06-13,0,9,0.0,14.3
roommate-bill-split-calculator,https://you-owe-me.com/tools/roommate-bill-split-calculator/,2026-06-14,0,15,0.0,10.2
roommate-bill-split-calculator,https://you-owe-me.com/tools/roommate-bill-split-calculator/,2026-06-15,0,16,0.0,15.8
roommate-bill-split-calculator,https://you-owe-me.com/tools/roommate-bill-split-calculator/,2026-06-16,0,17,0.0,9.4
roommate-bill-split-calculator,https://you-owe-me.com/tools/roommate-bill-split-calculator/,2026-06-17,2,18,0.1111,7.6
roommate-bill-split-calculator,https://you-owe-me.com/tools/roommate-bill-split-calculator/,2026-06-18,0,35,0.0,6.6
roommate-bill-split-calculator,https://you-owe-me.com/tools/roommate-bill-split-calculator/,2026-06-19,0,13,0.0,11.5
roommate-bill-split-calculator,https://you-owe-me.com/tools/roommate-bill-split-calculator/,2026-06-20,0,12,0.0,11.2
roommate-bill-split-calculator,https://you-owe-me.com/tools/roommate-bill-split-calculator/,2026-06-21,0,10,0.0,11.5
roommate-bill-split-calculator,https://you-owe-me.com/tools/roommate-bill-split-calculator/,2026-06-22,0,14,0.0,10.4
roommate-bill-split-calculator,https://you-owe-me.com/tools/roommate-bill-split-calculator/,2026-06-23,0,20,0.0,13.5
roommate-bill-split-calculator,https://you-owe-me.com/tools/roommate-bill-split-calculator/,2026-06-24,0,17,0.0,8.6
roommate-bill-split-calculator,https://you-owe-me.com/tools/roommate-bill-split-calculator/,2026-06-25,0,10,0.0,13.0
roommate-bill-split-calculator,https://you-owe-me.com/tools/roommate-bill-split-calculator/,2026-06-26,0,8,0.0,5.5
roommate-bill-split-calculator,https://you-owe-me.com/tools/roommate-bill-split-calculator/,2026-06-27,0,19,0.0,10.6
roommate-bill-split-calculator,https://you-owe-me.com/tools/roommate-bill-split-calculator/,2026-06-28,0,8,0.0,12.5
roommate-bill-split-calculator,https://you-owe-me.com/tools/roommate-bill-split-calculator/,2026-06-29,0,15,0.0,3.3
roommate-bill-split-calculator,https://you-owe-me.com/tools/roommate-bill-split-calculator/,2026-06-30,1,20,0.05,9.0
roommate-bill-split-calculator,https://you-owe-me.com/tools/roommate-bill-split-calculator/,2026-07-01,1,53,0.0189,5.8
roommate-bill-split-calculator,https://you-owe-me.com/tools/roommate-bill-split-calculator/,2026-07-02,0,34,0.0,7.4
roommate-bill-split-calculator,https://you-owe-me.com/tools/roommate-bill-split-calculator/,2026-07-03,0,19,0.0,7.9
roommate-bill-split-calculator,https://you-owe-me.com/tools/roommate-bill-split-calculator/,2026-07-04,1,27,0.037,7.4
roommate-bill-split-calculator,https://you-owe-me.com/tools/roommate-bill-split-calculator/,2026-07-05,0,17,0.0,11.3
roommate-bill-split-calculator,https://you-owe-me.com/tools/roommate-bill-split-calculator/,2026-07-06,0,17,0.0,9.9
roommate-bill-split-calculator,https://you-owe-me.com/tools/roommate-bill-split-calculator/,2026-07-07,0,25,0.0,7.9
roommate-bill-split-calculator,https://you-owe-me.com/tools/roommate-bill-split-calculator/,2026-07-08,2,23,0.087,5.6
roommate-bill-split-calculator,https://you-owe-me.com/tools/roommate-bill-split-calculator/,2026-07-09,0,18,0.0,9.7
roommate-bill-split-calculator,https://you-owe-me.com/tools/roommate-bill-split-calculator/,2026-07-10,0,20,0.0,7.8
roommate-bill-split-calculator,https://you-owe-me.com/tools/roommate-bill-split-calculator/,2026-07-11,0,23,0.0,10.8
roommate-bill-split-calculator,https://you-owe-me.com/tools/roommate-bill-split-calculator/,2026-07-12,0,14,0.0,7.2
roommate-bill-split-calculator,https://you-owe-me.com/tools/roommate-bill-split-calculator/,2026-07-13,0,15,0.0,7.3
roommate-bill-split-calculator,https://you-owe-me.com/tools/roommate-bill-split-calculator/,2026-07-14,0,21,0.0,5.5
roommate-bill-split-calculator,https://you-owe-me.com/tools/roommate-bill-split-calculator/,2026-07-15,0,26,0.0,6.5
roommate-bill-split-calculator,https://you-owe-me.com/tools/roommate-bill-split-calculator/,2026-07-16,0,11,0.0,6.5
roommate-bill-split-calculator,https://you-owe-me.com/tools/roommate-bill-split-calculator/,2026-07-17,1,23,0.0435,6.5
roommate-bill-split-calculator,https://you-owe-me.com/tools/roommate-bill-split-calculator/,2026-07-18,1,24,0.0417,6.5
roommate-bill-split-calculator,https://you-owe-me.com/tools/roommate-bill-split-calculator/,2026-07-19,0,13,0.0,11.2
roommate-bill-split-calculator,https://you-owe-me.com/tools/roommate-bill-split-calculator/,2026-07-20,0,27,0.0,10.0
roommate-bill-split-calculator,https://you-owe-me.com/tools/roommate-bill-split-calculator/,2026-07-21,0,30,0.0,8.8
roommate-bill-split-calculator,https://you-owe-me.com/tools/roommate-bill-split-calculator/,2026-07-22,1,21,0.0476,6.2
roommate-bill-split-calculator,https://you-owe-me.com/tools/roommate-bill-split-calculator/,2026-07-23,0,14,0.0,11.8
roommate-bill-split-calculator,https://you-owe-me.com/tools/roommate-bill-split-calculator/,2026-07-24,0,20,0.0,7.0
roommate-bill-split-calculator,https://you-owe-me.com/tools/roommate-bill-split-calculator/,2026-07-25,0,16,0.0,7.2
roommate-bill-split-calculator,https://you-owe-me.com/tools/roommate-bill-split-calculator/,2026-07-26,1,16,0.0625,7.2
roommate-bill-split-calculator,https://you-owe-me.com/tools/roommate-bill-split-calculator/,2026-07-27,0,27,0.0,7.0
roommate-bill-split-calculator,https://you-owe-me.com/tools/roommate-bill-split-calculator/,2026-07-28,0,22,0.0,5.2
roommate-bill-split-calculator,https://you-owe-me.com/tools/roommate-bill-split-calculator/,2026-07-29,0,42,0.0,11.6
roommate-bill-split-calculator,https://you-owe-me.com/tools/roommate-bill-split-calculator/,2026-07-30,0,41,0.0,6.0
roommate-bill-split-calculator,https://you-owe-me.com/tools/roommate-bill-split-calculator/,2026-07-31,1,66,0.0152,5.5
roommate-bill-split-calculator,https://you-owe-me.com/tools/roommate-bill-split-calculator/,2026-08-01,2,56,0.0357,5.9
roommate-bill-split-calculator,https://you-owe-me.com/tools/roommate-bill-split-calculator/,2026-08-02,0,34,0.0,4.4
roommate-bill-split-calculator,https://you-owe-me.com/tools/roommate-bill-split-calculator/,2026-08-03,3,48,0.0625,5.4
roommate-bill-split-calculator,https://you-owe-me.com/tools/roommate-bill-split-calculator/,2026-08-04,0,50,0.0,6.0
roommate-bill-split-calculator,https://you-owe-me.com/tools/roommate-bill-split-calculator/,2026-08-05,1,47,0.0213,7.3
roommate-bill-split-calculator,https://you-owe-me.com/tools/roommate-bill-split-calculator/,2026-08-06,0,40,0.0,7.0
roommate-bill-split-calculator,https://you-owe-me.com/tools/roommate-bill-split-calculator/,2026-08-07,0,48,0.0,5.5
running-balance-calculator,https://you-owe-me.com/tools/running-balance-calculator/,2026-05-08,0,0,,
running-balance-calculator,https://you-owe-me.com/tools/running-balance-calculator/,2026-05-09,0,0,,
running-balance-calculator,https://you-owe-me.com/tools/running-balance-calculator/,2026-05-10,0,0,,
running-balance-calculator,https://you-owe-me.com/tools/running-balance-calculator/,2026-05-11,0,0,,
running-balance-calculator,https://you-owe-me.com/tools/running-balance-calculator/,2026-05-12,0,0,,
running-balance-calculator,https://you-owe-me.com/tools/running-balance-calculator/,2026-05-13,0,0,,
running-balance-calculator,https://you-owe-me.com/tools/running-balance-calculator/,2026-05-14,0,0,,
running-balance-calculator,https://you-owe-me.com/tools/running-balance-calculator/,2026-05-15,0,0,,
running-balance-calculator,https://you-owe-me.com/tools/running-balance-calculator/,2026-05-16,0,0,,
running-balance-calculator,https://you-owe-me.com/tools/running-balance-calculator/,2026-05-17,0,0,,
running-balance-calculator,https://you-owe-me.com/tools/running-balance-calculator/,2026-05-18,0,0,,
running-balance-calculator,https://you-owe-me.com/tools/running-balance-calculator/,2026-05-19,0,0,,
running-balance-calculator,https://you-owe-me.com/tools/running-balance-calculator/,2026-05-20,0,0,,
running-balance-calculator,https://you-owe-me.com/tools/running-balance-calculator/,2026-05-21,0,0,,
running-balance-calculator,https://you-owe-me.com/tools/running-balance-calculator/,2026-05-22,0,1,0.0,7.0
running-balance-calculator,https://you-owe-me.com/tools/running-balance-calculator/,2026-05-23,0,0,,
running-balance-calculator,https://you-owe-me.com/tools/running-balance-calculator/,2026-05-24,1,18,0.0556,5.3
running-balance-calculator,https://you-owe-me.com/tools/running-balance-calculator/,2026-05-25,0,24,0.0,7.0
running-balance-calculator,https://you-owe-me.com/tools/running-balance-calculator/,2026-05-26,1,29,0.0345,4.0
running-balance-calculator,https://you-owe-me.com/tools/running-balance-calculator/,2026-05-27,0,10,0.0,5.9
running-balance-calculator,https://you-owe-me.com/tools/running-balance-calculator/,2026-05-28,1,21,0.0476,7.3
running-balance-calculator,https://you-owe-me.com/tools/running-balance-calculator/,2026-05-29,1,26,0.0385,7.0
running-balance-calculator,https://you-owe-me.com/tools/running-balance-calculator/,2026-05-30,0,19,0.0,4.9
running-balance-calculator,https://you-owe-me.com/tools/running-balance-calculator/,2026-05-31,1,26,0.0385,6.5
running-balance-calculator,https://you-owe-me.com/tools/running-balance-calculator/,2026-06-01,0,15,0.0,5.9
running-balance-calculator,https://you-owe-me.com/tools/running-balance-calculator/,2026-06-02,0,22,0.0,9.0
running-balance-calculator,https://you-owe-me.com/tools/running-balance-calculator/,2026-06-03,0,15,0.0,7.5
running-balance-calculator,https://you-owe-me.com/tools/running-balance-calculator/,2026-06-04,0,22,0.0,4.6
running-balance-calculator,https://you-owe-me.com/tools/running-balance-calculator/,2026-06-05,2,20,0.1,4.7
running-balance-calculator,https://you-owe-me.com/tools/running-balance-calculator/,2026-06-06,0,19,0.0,7.7
running-balance-calculator,https://you-owe-me.com/tools/running-balance-calculator/,2026-06-07,0,22,0.0,5.5
running-balance-calculator,https://you-owe-me.com/tools/running-balance-calculator/,2026-06-08,0,19,0.0,5.4
running-balance-calculator,https://you-owe-me.com/tools/running-balance-calculator/,2026-06-09,0,27,0.0,4.4
running-balance-calculator,https://you-owe-me.com/tools/running-balance-calculator/,2026-06-10,0,17,0.0,10.7
running-balance-calculator,https://you-owe-me.com/tools/running-balance-calculator/,2026-06-11,1,16,0.0625,4.3
running-balance-calculator,https://you-owe-me.com/tools/running-balance-calculator/,2026-06-12,0,23,0.0,5.4
running-balance-calculator,https://you-owe-me.com/tools/running-balance-calculator/,2026-06-13,0,11,0.0,10.0
running-balance-calculator,https://you-owe-me.com/tools/running-balance-calculator/,2026-06-14,0,13,0.0,5.4
running-balance-calculator,https://you-owe-me.com/tools/running-balance-calculator/,2026-06-15,1,31,0.0323,11.6
running-balance-calculator,https://you-owe-me.com/tools/running-balance-calculator/,2026-06-16,0,10,0.0,7.6
running-balance-calculator,https://you-owe-me.com/tools/running-balance-calculator/,2026-06-17,0,16,0.0,5.8
running-balance-calculator,https://you-owe-me.com/tools/running-balance-calculator/,2026-06-18,0,12,0.0,5.1
running-balance-calculator,https://you-owe-me.com/tools/running-balance-calculator/,2026-06-19,0,13,0.0,9.9
running-balance-calculator,https://you-owe-me.com/tools/running-balance-calculator/,2026-06-20,0,6,0.0,6.3
running-balance-calculator,https://you-owe-me.com/tools/running-balance-calculator/,2026-06-21,0,10,0.0,6.2
running-balance-calculator,https://you-owe-me.com/tools/running-balance-calculator/,2026-06-22,0,8,0.0,14.2
running-balance-calculator,https://you-owe-me.com/tools/running-balance-calculator/,2026-06-23,0,16,0.0,8.7
running-balance-calculator,https://you-owe-me.com/tools/running-balance-calculator/,2026-06-24,0,15,0.0,5.7
running-balance-calculator,https://you-owe-me.com/tools/running-balance-calculator/,2026-06-25,0,6,0.0,3.5
running-balance-calculator,https://you-owe-me.com/tools/running-balance-calculator/,2026-06-26,0,16,0.0,7.2
running-balance-calculator,https://you-owe-me.com/tools/running-balance-calculator/,2026-06-27,0,11,0.0,9.3
running-balance-calculator,https://you-owe-me.com/tools/running-balance-calculator/,2026-06-28,0,6,0.0,3.7
running-balance-calculator,https://you-owe-me.com/tools/running-balance-calculator/,2026-06-29,0,14,0.0,6.4
running-balance-calculator,https://you-owe-me.com/tools/running-balance-calculator/,2026-06-30,0,8,0.0,4.9
running-balance-calculator,https://you-owe-me.com/tools/running-balance-calculator/,2026-07-01,0,10,0.0,5.0
running-balance-calculator,https://you-owe-me.com/tools/running-balance-calculator/,2026-07-02,1,21,0.0476,6.3
running-balance-calculator,https://you-owe-me.com/tools/running-balance-calculator/,2026-07-03,0,22,0.0,4.3
running-balance-calculator,https://you-owe-me.com/tools/running-balance-calculator/,2026-07-04,0,26,0.0,7.9
running-balance-calculator,https://you-owe-me.com/tools/running-balance-calculator/,2026-07-05,1,16,0.0625,5.8
running-balance-calculator,https://you-owe-me.com/tools/running-balance-calculator/,2026-07-06,0,9,0.0,5.3
running-balance-calculator,https://you-owe-me.com/tools/running-balance-calculator/,2026-07-07,0,12,0.0,5.5
running-balance-calculator,https://you-owe-me.com/tools/running-balance-calculator/,2026-07-08,0,23,0.0,5.1
running-balance-calculator,https://you-owe-me.com/tools/running-balance-calculator/,2026-07-09,0,23,0.0,7.5
running-balance-calculator,https://you-owe-me.com/tools/running-balance-calculator/,2026-07-10,0,26,0.0,16.7
running-balance-calculator,https://you-owe-me.com/tools/running-balance-calculator/,2026-07-11,1,24,0.0417,10.9
running-balance-calculator,https://you-owe-me.com/tools/running-balance-calculator/,2026-07-12,0,39,0.0,8.2
running-balance-calculator,https://you-owe-me.com/tools/running-balance-calculator/,2026-07-13,1,26,0.0385,6.7
running-balance-calculator,https://you-owe-me.com/tools/running-balance-calculator/,2026-07-14,0,33,0.0,5.4
running-balance-calculator,https://you-owe-me.com/tools/running-balance-calculator/,2026-07-15,1,27,0.037,7.2
running-balance-calculator,https://you-owe-me.com/tools/running-balance-calculator/,2026-07-16,1,31,0.0323,5.0
running-balance-calculator,https://you-owe-me.com/tools/running-balance-calculator/,2026-07-17,0,35,0.0,7.5
running-balance-calculator,https://you-owe-me.com/tools/running-balance-calculator/,2026-07-18,0,35,0.0,8.1
running-balance-calculator,https://you-owe-me.com/tools/running-balance-calculator/,2026-07-19,0,24,0.0,6.0
running-balance-calculator,https://you-owe-me.com/tools/running-balance-calculator/,2026-07-20,1,19,0.0526,6.0
running-balance-calculator,https://you-owe-me.com/tools/running-balance-calculator/,2026-07-21,0,34,0.0,9.6
running-balance-calculator,https://you-owe-me.com/tools/running-balance-calculator/,2026-07-22,0,29,0.0,5.2
running-balance-calculator,https://you-owe-me.com/tools/running-balance-calculator/,2026-07-23,0,29,0.0,6.2
running-balance-calculator,https://you-owe-me.com/tools/running-balance-calculator/,2026-07-24,0,32,0.0,6.9
running-balance-calculator,https://you-owe-me.com/tools/running-balance-calculator/,2026-07-25,0,17,0.0,9.0
running-balance-calculator,https://you-owe-me.com/tools/running-balance-calculator/,2026-07-26,0,42,0.0,10.1
running-balance-calculator,https://you-owe-me.com/tools/running-balance-calculator/,2026-07-27,3,62,0.0484,6.5
running-balance-calculator,https://you-owe-me.com/tools/running-balance-calculator/,2026-07-28,0,65,0.0,7.2
running-balance-calculator,https://you-owe-me.com/tools/running-balance-calculator/,2026-07-29,0,60,0.0,8.9
running-balance-calculator,https://you-owe-me.com/tools/running-balance-calculator/,2026-07-30,0,66,0.0,6.0
running-balance-calculator,https://you-owe-me.com/tools/running-balance-calculator/,2026-07-31,0,61,0.0,7.5
running-balance-calculator,https://you-owe-me.com/tools/running-balance-calculator/,2026-08-01,0,91,0.0,8.6
running-balance-calculator,https://you-owe-me.com/tools/running-balance-calculator/,2026-08-02,1,56,0.0179,6.9
running-balance-calculator,https://you-owe-me.com/tools/running-balance-calculator/,2026-08-03,1,70,0.0143,9.2
running-balance-calculator,https://you-owe-me.com/tools/running-balance-calculator/,2026-08-04,1,70,0.0143,7.7
running-balance-calculator,https://you-owe-me.com/tools/running-balance-calculator/,2026-08-05,1,65,0.0154,8.9
running-balance-calculator,https://you-owe-me.com/tools/running-balance-calculator/,2026-08-06,2,62,0.0323,7.6
running-balance-calculator,https://you-owe-me.com/tools/running-balance-calculator/,2026-08-07,1,49,0.0204,6.0
running-balance-definition,https://you-owe-me.com/blog/what-is-a-running-balance-between-two-people/,2026-05-08,0,0,,
running-balance-definition,https://you-owe-me.com/blog/what-is-a-running-balance-between-two-people/,2026-05-09,0,0,,
running-balance-definition,https://you-owe-me.com/blog/what-is-a-running-balance-between-two-people/,2026-05-10,0,0,,
running-balance-definition,https://you-owe-me.com/blog/what-is-a-running-balance-between-two-people/,2026-05-11,0,0,,
running-balance-definition,https://you-owe-me.com/blog/what-is-a-running-balance-between-two-people/,2026-05-12,0,0,,
running-balance-definition,https://you-owe-me.com/blog/what-is-a-running-balance-between-two-people/,2026-05-13,0,0,,
running-balance-definition,https://you-owe-me.com/blog/what-is-a-running-balance-between-two-people/,2026-05-14,0,0,,
running-balance-definition,https://you-owe-me.com/blog/what-is-a-running-balance-between-two-people/,2026-05-15,0,0,,
running-balance-definition,https://you-owe-me.com/blog/what-is-a-running-balance-between-two-people/,2026-05-16,0,0,,
running-balance-definition,https://you-owe-me.com/blog/what-is-a-running-balance-between-two-people/,2026-05-17,0,0,,
running-balance-definition,https://you-owe-me.com/blog/what-is-a-running-balance-between-two-people/,2026-05-18,0,0,,
running-balance-definition,https://you-owe-me.com/blog/what-is-a-running-balance-between-two-people/,2026-05-19,0,0,,
running-balance-definition,https://you-owe-me.com/blog/what-is-a-running-balance-between-two-people/,2026-05-20,0,0,,
running-balance-definition,https://you-owe-me.com/blog/what-is-a-running-balance-between-two-people/,2026-05-21,0,0,,
running-balance-definition,https://you-owe-me.com/blog/what-is-a-running-balance-between-two-people/,2026-05-22,0,0,,
running-balance-definition,https://you-owe-me.com/blog/what-is-a-running-balance-between-two-people/,2026-05-23,0,0,,
running-balance-definition,https://you-owe-me.com/blog/what-is-a-running-balance-between-two-people/,2026-05-24,0,0,,
running-balance-definition,https://you-owe-me.com/blog/what-is-a-running-balance-between-two-people/,2026-05-25,0,0,,
running-balance-definition,https://you-owe-me.com/blog/what-is-a-running-balance-between-two-people/,2026-05-26,0,13,0.0,5.8
running-balance-definition,https://you-owe-me.com/blog/what-is-a-running-balance-between-two-people/,2026-05-27,0,23,0.0,8.8
running-balance-definition,https://you-owe-me.com/blog/what-is-a-running-balance-between-two-people/,2026-05-28,0,51,0.0,9.5
running-balance-definition,https://you-owe-me.com/blog/what-is-a-running-balance-between-two-people/,2026-05-29,0,62,0.0,10.1
running-balance-definition,https://you-owe-me.com/blog/what-is-a-running-balance-between-two-people/,2026-05-30,0,54,0.0,8.5
running-balance-definition,https://you-owe-me.com/blog/what-is-a-running-balance-between-two-people/,2026-05-31,0,48,0.0,9.0
running-balance-definition,https://you-owe-me.com/blog/what-is-a-running-balance-between-two-people/,2026-06-01,0,65,0.0,9.3
running-balance-definition,https://you-owe-me.com/blog/what-is-a-running-balance-between-two-people/,2026-06-02,0,80,0.0,9.7
running-balance-definition,https://you-owe-me.com/blog/what-is-a-running-balance-between-two-people/,2026-06-03,0,59,0.0,9.7
running-balance-definition,https://you-owe-me.com/blog/what-is-a-running-balance-between-two-people/,2026-06-04,0,61,0.0,9.9
running-balance-definition,https://you-owe-me.com/blog/what-is-a-running-balance-between-two-people/,2026-06-05,0,49,0.0,9.1
running-balance-definition,https://you-owe-me.com/blog/what-is-a-running-balance-between-two-people/,2026-06-06,0,24,0.0,10.5
running-balance-definition,https://you-owe-me.com/blog/what-is-a-running-balance-between-two-people/,2026-06-07,0,60,0.0,8.5
running-balance-definition,https://you-owe-me.com/blog/what-is-a-running-balance-between-two-people/,2026-06-08,0,144,0.0,7.8
running-balance-definition,https://you-owe-me.com/blog/what-is-a-running-balance-between-two-people/,2026-06-09,0,100,0.0,7.8
running-balance-definition,https://you-owe-me.com/blog/what-is-a-running-balance-between-two-people/,2026-06-10,0,89,0.0,7.8
running-balance-definition,https://you-owe-me.com/blog/what-is-a-running-balance-between-two-people/,2026-06-11,0,79,0.0,7.9
running-balance-definition,https://you-owe-me.com/blog/what-is-a-running-balance-between-two-people/,2026-06-12,0,87,0.0,7.3
running-balance-definition,https://you-owe-me.com/blog/what-is-a-running-balance-between-two-people/,2026-06-13,0,52,0.0,7.3
running-balance-definition,https://you-owe-me.com/blog/what-is-a-running-balance-between-two-people/,2026-06-14,0,70,0.0,8.3
running-balance-definition,https://you-owe-me.com/blog/what-is-a-running-balance-between-two-people/,2026-06-15,0,119,0.0,6.8
running-balance-definition,https://you-owe-me.com/blog/what-is-a-running-balance-between-two-people/,2026-06-16,1,156,0.0064,5.9
running-balance-definition,https://you-owe-me.com/blog/what-is-a-running-balance-between-two-people/,2026-06-17,1,196,0.0051,5.6
running-balance-definition,https://you-owe-me.com/blog/what-is-a-running-balance-between-two-people/,2026-06-18,2,223,0.009,5.3
running-balance-definition,https://you-owe-me.com/blog/what-is-a-running-balance-between-two-people/,2026-06-19,0,156,0.0,5.6
running-balance-definition,https://you-owe-me.com/blog/what-is-a-running-balance-between-two-people/,2026-06-20,1,103,0.0097,5.7
running-balance-definition,https://you-owe-me.com/blog/what-is-a-running-balance-between-two-people/,2026-06-21,0,101,0.0,5.6
running-balance-definition,https://you-owe-me.com/blog/what-is-a-running-balance-between-two-people/,2026-06-22,0,160,0.0,5.6
running-balance-definition,https://you-owe-me.com/blog/what-is-a-running-balance-between-two-people/,2026-06-23,2,176,0.0114,6.8
running-balance-definition,https://you-owe-me.com/blog/what-is-a-running-balance-between-two-people/,2026-06-24,0,192,0.0,5.3
running-balance-definition,https://you-owe-me.com/blog/what-is-a-running-balance-between-two-people/,2026-06-25,0,194,0.0,5.0
running-balance-definition,https://you-owe-me.com/blog/what-is-a-running-balance-between-two-people/,2026-06-26,2,173,0.0116,5.2
running-balance-definition,https://you-owe-me.com/blog/what-is-a-running-balance-between-two-people/,2026-06-27,1,108,0.0093,5.3
running-balance-definition,https://you-owe-me.com/blog/what-is-a-running-balance-between-two-people/,2026-06-28,0,105,0.0,4.3
running-balance-definition,https://you-owe-me.com/blog/what-is-a-running-balance-between-two-people/,2026-06-29,0,172,0.0,5.5
running-balance-definition,https://you-owe-me.com/blog/what-is-a-running-balance-between-two-people/,2026-06-30,0,248,0.0,5.5
running-balance-definition,https://you-owe-me.com/blog/what-is-a-running-balance-between-two-people/,2026-07-01,1,206,0.0049,5.2
running-balance-definition,https://you-owe-me.com/blog/what-is-a-running-balance-between-two-people/,2026-07-02,0,206,0.0,4.8
running-balance-definition,https://you-owe-me.com/blog/what-is-a-running-balance-between-two-people/,2026-07-03,0,140,0.0,5.2
running-balance-definition,https://you-owe-me.com/blog/what-is-a-running-balance-between-two-people/,2026-07-04,1,101,0.0099,5.6
running-balance-definition,https://you-owe-me.com/blog/what-is-a-running-balance-between-two-people/,2026-07-05,1,118,0.0085,4.9
running-balance-definition,https://you-owe-me.com/blog/what-is-a-running-balance-between-two-people/,2026-07-06,2,215,0.0093,5.2
running-balance-definition,https://you-owe-me.com/blog/what-is-a-running-balance-between-two-people/,2026-07-07,1,198,0.0051,5.1
running-balance-definition,https://you-owe-me.com/blog/what-is-a-running-balance-between-two-people/,2026-07-08,1,198,0.0051,5.2
running-balance-definition,https://you-owe-me.com/blog/what-is-a-running-balance-between-two-people/,2026-07-09,0,189,0.0,5.7
running-balance-definition,https://you-owe-me.com/blog/what-is-a-running-balance-between-two-people/,2026-07-10,0,180,0.0,5.7
running-balance-definition,https://you-owe-me.com/blog/what-is-a-running-balance-between-two-people/,2026-07-11,0,151,0.0,6.4
running-balance-definition,https://you-owe-me.com/blog/what-is-a-running-balance-between-two-people/,2026-07-12,0,135,0.0,6.1
running-balance-definition,https://you-owe-me.com/blog/what-is-a-running-balance-between-two-people/,2026-07-13,0,229,0.0,5.6
running-balance-definition,https://you-owe-me.com/blog/what-is-a-running-balance-between-two-people/,2026-07-14,0,234,0.0,5.3
running-balance-definition,https://you-owe-me.com/blog/what-is-a-running-balance-between-two-people/,2026-07-15,1,277,0.0036,5.7
running-balance-definition,https://you-owe-me.com/blog/what-is-a-running-balance-between-two-people/,2026-07-16,0,223,0.0,5.4
running-balance-definition,https://you-owe-me.com/blog/what-is-a-running-balance-between-two-people/,2026-07-17,1,213,0.0047,5.7
running-balance-definition,https://you-owe-me.com/blog/what-is-a-running-balance-between-two-people/,2026-07-18,2,105,0.019,5.1
running-balance-definition,https://you-owe-me.com/blog/what-is-a-running-balance-between-two-people/,2026-07-19,0,120,0.0,5.1
running-balance-definition,https://you-owe-me.com/blog/what-is-a-running-balance-between-two-people/,2026-07-20,1,178,0.0056,5.6
running-balance-definition,https://you-owe-me.com/blog/what-is-a-running-balance-between-two-people/,2026-07-21,0,200,0.0,5.3
running-balance-definition,https://you-owe-me.com/blog/what-is-a-running-balance-between-two-people/,2026-07-22,0,201,0.0,5.2
running-balance-definition,https://you-owe-me.com/blog/what-is-a-running-balance-between-two-people/,2026-07-23,0,214,0.0,5.1
running-balance-definition,https://you-owe-me.com/blog/what-is-a-running-balance-between-two-people/,2026-07-24,2,175,0.0114,5.1
running-balance-definition,https://you-owe-me.com/blog/what-is-a-running-balance-between-two-people/,2026-07-25,1,138,0.0072,4.9
running-balance-definition,https://you-owe-me.com/blog/what-is-a-running-balance-between-two-people/,2026-07-26,1,136,0.0074,4.8
running-balance-definition,https://you-owe-me.com/blog/what-is-a-running-balance-between-two-people/,2026-07-27,3,238,0.0126,4.8
running-balance-definition,https://you-owe-me.com/blog/what-is-a-running-balance-between-two-people/,2026-07-28,3,284,0.0106,4.7
running-balance-definition,https://you-owe-me.com/blog/what-is-a-running-balance-between-two-people/,2026-07-29,0,205,0.0,4.3
running-balance-definition,https://you-owe-me.com/blog/what-is-a-running-balance-between-two-people/,2026-07-30,1,223,0.0045,4.5
running-balance-definition,https://you-owe-me.com/blog/what-is-a-running-balance-between-two-people/,2026-07-31,2,238,0.0084,4.2
running-balance-definition,https://you-owe-me.com/blog/what-is-a-running-balance-between-two-people/,2026-08-01,2,181,0.011,4.4
running-balance-definition,https://you-owe-me.com/blog/what-is-a-running-balance-between-two-people/,2026-08-02,0,161,0.0,4.3
running-balance-definition,https://you-owe-me.com/blog/what-is-a-running-balance-between-two-people/,2026-08-03,0,238,0.0,4.3
running-balance-definition,https://you-owe-me.com/blog/what-is-a-running-balance-between-two-people/,2026-08-04,1,254,0.0039,4.8
running-balance-definition,https://you-owe-me.com/blog/what-is-a-running-balance-between-two-people/,2026-08-05,1,225,0.0044,4.4
running-balance-definition,https://you-owe-me.com/blog/what-is-a-running-balance-between-two-people/,2026-08-06,0,214,0.0,5.2
running-balance-definition,https://you-owe-me.com/blog/what-is-a-running-balance-between-two-people/,2026-08-07,1,193,0.0052,4.7
say-no-to-money-requests,https://you-owe-me.com/blog/how-to-politely-say-no-when-people-ask-for-money/,2026-05-08,0,42,0.0,9.3
say-no-to-money-requests,https://you-owe-me.com/blog/how-to-politely-say-no-when-people-ask-for-money/,2026-05-09,0,20,0.0,9.7
say-no-to-money-requests,https://you-owe-me.com/blog/how-to-politely-say-no-when-people-ask-for-money/,2026-05-10,0,19,0.0,10.9
say-no-to-money-requests,https://you-owe-me.com/blog/how-to-politely-say-no-when-people-ask-for-money/,2026-05-11,0,34,0.0,9.9
say-no-to-money-requests,https://you-owe-me.com/blog/how-to-politely-say-no-when-people-ask-for-money/,2026-05-12,0,22,0.0,9.1
say-no-to-money-requests,https://you-owe-me.com/blog/how-to-politely-say-no-when-people-ask-for-money/,2026-05-13,0,24,0.0,10.5
say-no-to-money-requests,https://you-owe-me.com/blog/how-to-politely-say-no-when-people-ask-for-money/,2026-05-14,0,30,0.0,9.6
say-no-to-money-requests,https://you-owe-me.com/blog/how-to-politely-say-no-when-people-ask-for-money/,2026-05-15,0,45,0.0,9.9
say-no-to-money-requests,https://you-owe-me.com/blog/how-to-politely-say-no-when-people-ask-for-money/,2026-05-16,0,25,0.0,9.1
say-no-to-money-requests,https://you-owe-me.com/blog/how-to-politely-say-no-when-people-ask-for-money/,2026-05-17,0,30,0.0,9.3
say-no-to-money-requests,https://you-owe-me.com/blog/how-to-politely-say-no-when-people-ask-for-money/,2026-05-18,0,21,0.0,9.5
say-no-to-money-requests,https://you-owe-me.com/blog/how-to-politely-say-no-when-people-ask-for-money/,2026-05-19,0,19,0.0,9.9
say-no-to-money-requests,https://you-owe-me.com/blog/how-to-politely-say-no-when-people-ask-for-money/,2026-05-20,1,27,0.037,9.9
say-no-to-money-requests,https://you-owe-me.com/blog/how-to-politely-say-no-when-people-ask-for-money/,2026-05-21,0,26,0.0,9.8
say-no-to-money-requests,https://you-owe-me.com/blog/how-to-politely-say-no-when-people-ask-for-money/,2026-05-22,0,22,0.0,10.3
say-no-to-money-requests,https://you-owe-me.com/blog/how-to-politely-say-no-when-people-ask-for-money/,2026-05-23,0,32,0.0,9.3
say-no-to-money-requests,https://you-owe-me.com/blog/how-to-politely-say-no-when-people-ask-for-money/,2026-05-24,0,47,0.0,9.1
say-no-to-money-requests,https://you-owe-me.com/blog/how-to-politely-say-no-when-people-ask-for-money/,2026-05-25,0,39,0.0,9.7
say-no-to-money-requests,https://you-owe-me.com/blog/how-to-politely-say-no-when-people-ask-for-money/,2026-05-26,0,47,0.0,8.8
say-no-to-money-requests,https://you-owe-me.com/blog/how-to-politely-say-no-when-people-ask-for-money/,2026-05-27,1,69,0.0145,9.8
say-no-to-money-requests,https://you-owe-me.com/blog/how-to-politely-say-no-when-people-ask-for-money/,2026-05-28,0,38,0.0,8.7
say-no-to-money-requests,https://you-owe-me.com/blog/how-to-politely-say-no-when-people-ask-for-money/,2026-05-29,0,52,0.0,9.0
say-no-to-money-requests,https://you-owe-me.com/blog/how-to-politely-say-no-when-people-ask-for-money/,2026-05-30,0,63,0.0,8.7
say-no-to-money-requests,https://you-owe-me.com/blog/how-to-politely-say-no-when-people-ask-for-money/,2026-05-31,1,67,0.0149,8.9
say-no-to-money-requests,https://you-owe-me.com/blog/how-to-politely-say-no-when-people-ask-for-money/,2026-06-01,0,60,0.0,9.1
say-no-to-money-requests,https://you-owe-me.com/blog/how-to-politely-say-no-when-people-ask-for-money/,2026-06-02,0,55,0.0,9.3
say-no-to-money-requests,https://you-owe-me.com/blog/how-to-politely-say-no-when-people-ask-for-money/,2026-06-03,0,34,0.0,9.9
say-no-to-money-requests,https://you-owe-me.com/blog/how-to-politely-say-no-when-people-ask-for-money/,2026-06-04,0,13,0.0,8.7
say-no-to-money-requests,https://you-owe-me.com/blog/how-to-politely-say-no-when-people-ask-for-money/,2026-06-05,0,2,0.0,2.0
say-no-to-money-requests,https://you-owe-me.com/blog/how-to-politely-say-no-when-people-ask-for-money/,2026-06-06,0,0,,
say-no-to-money-requests,https://you-owe-me.com/blog/how-to-politely-say-no-when-people-ask-for-money/,2026-06-07,0,21,0.0,7.6
say-no-to-money-requests,https://you-owe-me.com/blog/how-to-politely-say-no-when-people-ask-for-money/,2026-06-08,0,120,0.0,8.0
say-no-to-money-requests,https://you-owe-me.com/blog/how-to-politely-say-no-when-people-ask-for-money/,2026-06-09,0,134,0.0,8.3
say-no-to-money-requests,https://you-owe-me.com/blog/how-to-politely-say-no-when-people-ask-for-money/,2026-06-10,1,142,0.007,8.1
say-no-to-money-requests,https://you-owe-me.com/blog/how-to-politely-say-no-when-people-ask-for-money/,2026-06-11,1,165,0.0061,7.3
say-no-to-money-requests,https://you-owe-me.com/blog/how-to-politely-say-no-when-people-ask-for-money/,2026-06-12,0,151,0.0,7.5
say-no-to-money-requests,https://you-owe-me.com/blog/how-to-politely-say-no-when-people-ask-for-money/,2026-06-13,0,104,0.0,7.6
say-no-to-money-requests,https://you-owe-me.com/blog/how-to-politely-say-no-when-people-ask-for-money/,2026-06-14,0,131,0.0,7.4
say-no-to-money-requests,https://you-owe-me.com/blog/how-to-politely-say-no-when-people-ask-for-money/,2026-06-15,3,211,0.0142,7.6
say-no-to-money-requests,https://you-owe-me.com/blog/how-to-politely-say-no-when-people-ask-for-money/,2026-06-16,1,174,0.0057,7.2
say-no-to-money-requests,https://you-owe-me.com/blog/how-to-politely-say-no-when-people-ask-for-money/,2026-06-17,1,163,0.0061,7.5
say-no-to-money-requests,https://you-owe-me.com/blog/how-to-politely-say-no-when-people-ask-for-money/,2026-06-18,1,183,0.0055,7.9
say-no-to-money-requests,https://you-owe-me.com/blog/how-to-politely-say-no-when-people-ask-for-money/,2026-06-19,1,167,0.006,7.4
say-no-to-money-requests,https://you-owe-me.com/blog/how-to-politely-say-no-when-people-ask-for-money/,2026-06-20,0,162,0.0,8.0
say-no-to-money-requests,https://you-owe-me.com/blog/how-to-politely-say-no-when-people-ask-for-money/,2026-06-21,1,105,0.0095,8.3
say-no-to-money-requests,https://you-owe-me.com/blog/how-to-politely-say-no-when-people-ask-for-money/,2026-06-22,0,80,0.0,9.3
say-no-to-money-requests,https://you-owe-me.com/blog/how-to-politely-say-no-when-people-ask-for-money/,2026-06-23,0,96,0.0,9.7
say-no-to-money-requests,https://you-owe-me.com/blog/how-to-politely-say-no-when-people-ask-for-money/,2026-06-24,1,123,0.0081,8.3
say-no-to-money-requests,https://you-owe-me.com/blog/how-to-politely-say-no-when-people-ask-for-money/,2026-06-25,1,127,0.0079,8.2
say-no-to-money-requests,https://you-owe-me.com/blog/how-to-politely-say-no-when-people-ask-for-money/,2026-06-26,0,145,0.0,9.1
say-no-to-money-requests,https://you-owe-me.com/blog/how-to-politely-say-no-when-people-ask-for-money/,2026-06-27,0,139,0.0,7.9
say-no-to-money-requests,https://you-owe-me.com/blog/how-to-politely-say-no-when-people-ask-for-money/,2026-06-28,1,136,0.0074,8.2
say-no-to-money-requests,https://you-owe-me.com/blog/how-to-politely-say-no-when-people-ask-for-money/,2026-06-29,2,135,0.0148,7.3
say-no-to-money-requests,https://you-owe-me.com/blog/how-to-politely-say-no-when-people-ask-for-money/,2026-06-30,1,181,0.0055,7.4
say-no-to-money-requests,https://you-owe-me.com/blog/how-to-politely-say-no-when-people-ask-for-money/,2026-07-01,0,191,0.0,7.1
say-no-to-money-requests,https://you-owe-me.com/blog/how-to-politely-say-no-when-people-ask-for-money/,2026-07-02,1,269,0.0037,7.4
say-no-to-money-requests,https://you-owe-me.com/blog/how-to-politely-say-no-when-people-ask-for-money/,2026-07-03,2,249,0.008,6.8
say-no-to-money-requests,https://you-owe-me.com/blog/how-to-politely-say-no-when-people-ask-for-money/,2026-07-04,1,188,0.0053,6.2
say-no-to-money-requests,https://you-owe-me.com/blog/how-to-politely-say-no-when-people-ask-for-money/,2026-07-05,0,228,0.0,5.9
say-no-to-money-requests,https://you-owe-me.com/blog/how-to-politely-say-no-when-people-ask-for-money/,2026-07-06,3,211,0.0142,6.4
say-no-to-money-requests,https://you-owe-me.com/blog/how-to-politely-say-no-when-people-ask-for-money/,2026-07-07,1,297,0.0034,6.8
say-no-to-money-requests,https://you-owe-me.com/blog/how-to-politely-say-no-when-people-ask-for-money/,2026-07-08,0,201,0.0,6.0
say-no-to-money-requests,https://you-owe-me.com/blog/how-to-politely-say-no-when-people-ask-for-money/,2026-07-09,1,226,0.0044,6.4
say-no-to-money-requests,https://you-owe-me.com/blog/how-to-politely-say-no-when-people-ask-for-money/,2026-07-10,4,202,0.0198,5.3
say-no-to-money-requests,https://you-owe-me.com/blog/how-to-politely-say-no-when-people-ask-for-money/,2026-07-11,2,223,0.009,6.4
say-no-to-money-requests,https://you-owe-me.com/blog/how-to-politely-say-no-when-people-ask-for-money/,2026-07-12,3,262,0.0115,6.5
say-no-to-money-requests,https://you-owe-me.com/blog/how-to-politely-say-no-when-people-ask-for-money/,2026-07-13,2,293,0.0068,6.2
say-no-to-money-requests,https://you-owe-me.com/blog/how-to-politely-say-no-when-people-ask-for-money/,2026-07-14,2,340,0.0059,5.9
say-no-to-money-requests,https://you-owe-me.com/blog/how-to-politely-say-no-when-people-ask-for-money/,2026-07-15,1,264,0.0038,6.4
say-no-to-money-requests,https://you-owe-me.com/blog/how-to-politely-say-no-when-people-ask-for-money/,2026-07-16,2,253,0.0079,6.1
say-no-to-money-requests,https://you-owe-me.com/blog/how-to-politely-say-no-when-people-ask-for-money/,2026-07-17,1,193,0.0052,6.6
say-no-to-money-requests,https://you-owe-me.com/blog/how-to-politely-say-no-when-people-ask-for-money/,2026-07-18,0,197,0.0,6.0
say-no-to-money-requests,https://you-owe-me.com/blog/how-to-politely-say-no-when-people-ask-for-money/,2026-07-19,3,222,0.0135,6.7
say-no-to-money-requests,https://you-owe-me.com/blog/how-to-politely-say-no-when-people-ask-for-money/,2026-07-20,0,222,0.0,6.8
say-no-to-money-requests,https://you-owe-me.com/blog/how-to-politely-say-no-when-people-ask-for-money/,2026-07-21,1,293,0.0034,7.2
say-no-to-money-requests,https://you-owe-me.com/blog/how-to-politely-say-no-when-people-ask-for-money/,2026-07-22,0,255,0.0,6.9
say-no-to-money-requests,https://you-owe-me.com/blog/how-to-politely-say-no-when-people-ask-for-money/,2026-07-23,3,256,0.0117,6.4
say-no-to-money-requests,https://you-owe-me.com/blog/how-to-politely-say-no-when-people-ask-for-money/,2026-07-24,2,226,0.0088,6.8
say-no-to-money-requests,https://you-owe-me.com/blog/how-to-politely-say-no-when-people-ask-for-money/,2026-07-25,1,188,0.0053,6.8
say-no-to-money-requests,https://you-owe-me.com/blog/how-to-politely-say-no-when-people-ask-for-money/,2026-07-26,1,206,0.0049,6.7
say-no-to-money-requests,https://you-owe-me.com/blog/how-to-politely-say-no-when-people-ask-for-money/,2026-07-27,0,237,0.0,7.2
say-no-to-money-requests,https://you-owe-me.com/blog/how-to-politely-say-no-when-people-ask-for-money/,2026-07-28,1,190,0.0053,7.4
say-no-to-money-requests,https://you-owe-me.com/blog/how-to-politely-say-no-when-people-ask-for-money/,2026-07-29,0,330,0.0,8.2
say-no-to-money-requests,https://you-owe-me.com/blog/how-to-politely-say-no-when-people-ask-for-money/,2026-07-30,3,324,0.0093,7.7
say-no-to-money-requests,https://you-owe-me.com/blog/how-to-politely-say-no-when-people-ask-for-money/,2026-07-31,1,190,0.0053,7.2
say-no-to-money-requests,https://you-owe-me.com/blog/how-to-politely-say-no-when-people-ask-for-money/,2026-08-01,1,183,0.0055,7.2
say-no-to-money-requests,https://you-owe-me.com/blog/how-to-politely-say-no-when-people-ask-for-money/,2026-08-02,2,187,0.0107,6.9
say-no-to-money-requests,https://you-owe-me.com/blog/how-to-politely-say-no-when-people-ask-for-money/,2026-08-03,0,240,0.0,7.7
say-no-to-money-requests,https://you-owe-me.com/blog/how-to-politely-say-no-when-people-ask-for-money/,2026-08-04,2,292,0.0068,7.2
say-no-to-money-requests,https://you-owe-me.com/blog/how-to-politely-say-no-when-people-ask-for-money/,2026-08-05,4,481,0.0083,7.4
say-no-to-money-requests,https://you-owe-me.com/blog/how-to-politely-say-no-when-people-ask-for-money/,2026-08-06,1,708,0.0014,8.4
say-no-to-money-requests,https://you-owe-me.com/blog/how-to-politely-say-no-when-people-ask-for-money/,2026-08-07,1,359,0.0028,6.8
split-expense-calculator,https://you-owe-me.com/tools/split-expense-calculator/,2026-05-08,0,7,0.0,23.6
split-expense-calculator,https://you-owe-me.com/tools/split-expense-calculator/,2026-05-09,0,11,0.0,21.6
split-expense-calculator,https://you-owe-me.com/tools/split-expense-calculator/,2026-05-10,0,12,0.0,10.1
split-expense-calculator,https://you-owe-me.com/tools/split-expense-calculator/,2026-05-11,0,9,0.0,27.6
split-expense-calculator,https://you-owe-me.com/tools/split-expense-calculator/,2026-05-12,0,26,0.0,20.1
split-expense-calculator,https://you-owe-me.com/tools/split-expense-calculator/,2026-05-13,0,10,0.0,15.5
split-expense-calculator,https://you-owe-me.com/tools/split-expense-calculator/,2026-05-14,0,29,0.0,29.5
split-expense-calculator,https://you-owe-me.com/tools/split-expense-calculator/,2026-05-15,0,19,0.0,23.2
split-expense-calculator,https://you-owe-me.com/tools/split-expense-calculator/,2026-05-16,0,5,0.0,15.6
split-expense-calculator,https://you-owe-me.com/tools/split-expense-calculator/,2026-05-17,0,12,0.0,14.0
split-expense-calculator,https://you-owe-me.com/tools/split-expense-calculator/,2026-05-18,0,16,0.0,17.2
split-expense-calculator,https://you-owe-me.com/tools/split-expense-calculator/,2026-05-19,2,8,0.25,28.6
split-expense-calculator,https://you-owe-me.com/tools/split-expense-calculator/,2026-05-20,0,11,0.0,28.0
split-expense-calculator,https://you-owe-me.com/tools/split-expense-calculator/,2026-05-21,0,4,0.0,27.5
split-expense-calculator,https://you-owe-me.com/tools/split-expense-calculator/,2026-05-22,0,8,0.0,14.6
split-expense-calculator,https://you-owe-me.com/tools/split-expense-calculator/,2026-05-23,0,6,0.0,15.3
split-expense-calculator,https://you-owe-me.com/tools/split-expense-calculator/,2026-05-24,0,13,0.0,15.5
split-expense-calculator,https://you-owe-me.com/tools/split-expense-calculator/,2026-05-25,0,7,0.0,20.9
split-expense-calculator,https://you-owe-me.com/tools/split-expense-calculator/,2026-05-26,0,19,0.0,15.2
split-expense-calculator,https://you-owe-me.com/tools/split-expense-calculator/,2026-05-27,0,8,0.0,31.5
split-expense-calculator,https://you-owe-me.com/tools/split-expense-calculator/,2026-05-28,0,11,0.0,7.4
split-expense-calculator,https://you-owe-me.com/tools/split-expense-calculator/,2026-05-29,0,4,0.0,18.2
split-expense-calculator,https://you-owe-me.com/tools/split-expense-calculator/,2026-05-30,1,26,0.0385,9.2
split-expense-calculator,https://you-owe-me.com/tools/split-expense-calculator/,2026-05-31,1,91,0.011,9.2
split-expense-calculator,https://you-owe-me.com/tools/split-expense-calculator/,2026-06-01,0,40,0.0,11.0
split-expense-calculator,https://you-owe-me.com/tools/split-expense-calculator/,2026-06-02,1,40,0.025,9.8
split-expense-calculator,https://you-owe-me.com/tools/split-expense-calculator/,2026-06-03,2,23,0.087,5.9
split-expense-calculator,https://you-owe-me.com/tools/split-expense-calculator/,2026-06-04,0,38,0.0,8.8
split-expense-calculator,https://you-owe-me.com/tools/split-expense-calculator/,2026-06-05,0,84,0.0,6.8
split-expense-calculator,https://you-owe-me.com/tools/split-expense-calculator/,2026-06-06,1,75,0.0133,6.3
split-expense-calculator,https://you-owe-me.com/tools/split-expense-calculator/,2026-06-07,2,96,0.0208,6.0
split-expense-calculator,https://you-owe-me.com/tools/split-expense-calculator/,2026-06-08,1,102,0.0098,7.2
split-expense-calculator,https://you-owe-me.com/tools/split-expense-calculator/,2026-06-09,1,94,0.0106,6.9
split-expense-calculator,https://you-owe-me.com/tools/split-expense-calculator/,2026-06-10,0,90,0.0,9.3
split-expense-calculator,https://you-owe-me.com/tools/split-expense-calculator/,2026-06-11,1,92,0.0109,6.0
split-expense-calculator,https://you-owe-me.com/tools/split-expense-calculator/,2026-06-12,2,139,0.0144,6.2
split-expense-calculator,https://you-owe-me.com/tools/split-expense-calculator/,2026-06-13,4,155,0.0258,8.1
split-expense-calculator,https://you-owe-me.com/tools/split-expense-calculator/,2026-06-14,3,248,0.0121,8.2
split-expense-calculator,https://you-owe-me.com/tools/split-expense-calculator/,2026-06-15,5,256,0.0195,7.9
split-expense-calculator,https://you-owe-me.com/tools/split-expense-calculator/,2026-06-16,2,264,0.0076,7.8
split-expense-calculator,https://you-owe-me.com/tools/split-expense-calculator/,2026-06-17,1,255,0.0039,7.0
split-expense-calculator,https://you-owe-me.com/tools/split-expense-calculator/,2026-06-18,1,263,0.0038,6.6
split-expense-calculator,https://you-owe-me.com/tools/split-expense-calculator/,2026-06-19,1,253,0.004,7.9
split-expense-calculator,https://you-owe-me.com/tools/split-expense-calculator/,2026-06-20,2,227,0.0088,7.6
split-expense-calculator,https://you-owe-me.com/tools/split-expense-calculator/,2026-06-21,2,225,0.0089,8.0
split-expense-calculator,https://you-owe-me.com/tools/split-expense-calculator/,2026-06-22,1,134,0.0075,7.3
split-expense-calculator,https://you-owe-me.com/tools/split-expense-calculator/,2026-06-23,2,136,0.0147,6.6
split-expense-calculator,https://you-owe-me.com/tools/split-expense-calculator/,2026-06-24,2,124,0.0161,6.6
split-expense-calculator,https://you-owe-me.com/tools/split-expense-calculator/,2026-06-25,1,120,0.0083,6.4
split-expense-calculator,https://you-owe-me.com/tools/split-expense-calculator/,2026-06-26,1,145,0.0069,6.7
split-expense-calculator,https://you-owe-me.com/tools/split-expense-calculator/,2026-06-27,2,158,0.0127,6.4
split-expense-calculator,https://you-owe-me.com/tools/split-expense-calculator/,2026-06-28,1,153,0.0065,6.8
split-expense-calculator,https://you-owe-me.com/tools/split-expense-calculator/,2026-06-29,0,124,0.0,5.8
split-expense-calculator,https://you-owe-me.com/tools/split-expense-calculator/,2026-06-30,2,166,0.012,7.1
split-expense-calculator,https://you-owe-me.com/tools/split-expense-calculator/,2026-07-01,1,243,0.0041,6.4
split-expense-calculator,https://you-owe-me.com/tools/split-expense-calculator/,2026-07-02,5,271,0.0185,6.6
split-expense-calculator,https://you-owe-me.com/tools/split-expense-calculator/,2026-07-03,4,301,0.0133,6.6
split-expense-calculator,https://you-owe-me.com/tools/split-expense-calculator/,2026-07-04,0,231,0.0,7.0
split-expense-calculator,https://you-owe-me.com/tools/split-expense-calculator/,2026-07-05,1,348,0.0029,6.2
split-expense-calculator,https://you-owe-me.com/tools/split-expense-calculator/,2026-07-06,4,417,0.0096,6.5
split-expense-calculator,https://you-owe-me.com/tools/split-expense-calculator/,2026-07-07,8,372,0.0215,6.8
split-expense-calculator,https://you-owe-me.com/tools/split-expense-calculator/,2026-07-08,2,379,0.0053,6.4
split-expense-calculator,https://you-owe-me.com/tools/split-expense-calculator/,2026-07-09,6,368,0.0163,5.9
split-expense-calculator,https://you-owe-me.com/tools/split-expense-calculator/,2026-07-10,2,314,0.0064,6.6
split-expense-calculator,https://you-owe-me.com/tools/split-expense-calculator/,2026-07-11,3,316,0.0095,6.5
split-expense-calculator,https://you-owe-me.com/tools/split-expense-calculator/,2026-07-12,8,447,0.0179,6.9
split-expense-calculator,https://you-owe-me.com/tools/split-expense-calculator/,2026-07-13,4,526,0.0076,6.6
split-expense-calculator,https://you-owe-me.com/tools/split-expense-calculator/,2026-07-14,5,458,0.0109,6.8
split-expense-calculator,https://you-owe-me.com/tools/split-expense-calculator/,2026-07-15,0,468,0.0,6.7
split-expense-calculator,https://you-owe-me.com/tools/split-expense-calculator/,2026-07-16,3,358,0.0084,6.9
split-expense-calculator,https://you-owe-me.com/tools/split-expense-calculator/,2026-07-17,3,343,0.0087,7.5
split-expense-calculator,https://you-owe-me.com/tools/split-expense-calculator/,2026-07-18,2,340,0.0059,6.1
split-expense-calculator,https://you-owe-me.com/tools/split-expense-calculator/,2026-07-19,0,329,0.0,6.6
split-expense-calculator,https://you-owe-me.com/tools/split-expense-calculator/,2026-07-20,6,398,0.0151,6.4
split-expense-calculator,https://you-owe-me.com/tools/split-expense-calculator/,2026-07-21,3,332,0.009,6.2
split-expense-calculator,https://you-owe-me.com/tools/split-expense-calculator/,2026-07-22,2,303,0.0066,6.1
split-expense-calculator,https://you-owe-me.com/tools/split-expense-calculator/,2026-07-23,3,395,0.0076,6.5
split-expense-calculator,https://you-owe-me.com/tools/split-expense-calculator/,2026-07-24,2,390,0.0051,6.1
split-expense-calculator,https://you-owe-me.com/tools/split-expense-calculator/,2026-07-25,1,342,0.0029,5.5
split-expense-calculator,https://you-owe-me.com/tools/split-expense-calculator/,2026-07-26,3,392,0.0077,6.5
split-expense-calculator,https://you-owe-me.com/tools/split-expense-calculator/,2026-07-27,2,414,0.0048,6.4
split-expense-calculator,https://you-owe-me.com/tools/split-expense-calculator/,2026-07-28,7,393,0.0178,6.3
split-expense-calculator,https://you-owe-me.com/tools/split-expense-calculator/,2026-07-29,2,390,0.0051,6.6
split-expense-calculator,https://you-owe-me.com/tools/split-expense-calculator/,2026-07-30,5,396,0.0126,6.0
split-expense-calculator,https://you-owe-me.com/tools/split-expense-calculator/,2026-07-31,2,380,0.0053,6.5
split-expense-calculator,https://you-owe-me.com/tools/split-expense-calculator/,2026-08-01,6,391,0.0153,6.2
split-expense-calculator,https://you-owe-me.com/tools/split-expense-calculator/,2026-08-02,3,361,0.0083,6.3
split-expense-calculator,https://you-owe-me.com/tools/split-expense-calculator/,2026-08-03,7,460,0.0152,6.1
split-expense-calculator,https://you-owe-me.com/tools/split-expense-calculator/,2026-08-04,4,578,0.0069,5.9
split-expense-calculator,https://you-owe-me.com/tools/split-expense-calculator/,2026-08-05,4,649,0.0062,6.5
split-expense-calculator,https://you-owe-me.com/tools/split-expense-calculator/,2026-08-06,7,656,0.0107,6.3
split-expense-calculator,https://you-owe-me.com/tools/split-expense-calculator/,2026-08-07,3,598,0.005,6.0
